Workbook
Name cod: tbmateriales[[#All],[CODIGO]]
Name cod: tbmateriales[[#All],[CODIGO]]
Name cod: tbmateriales[[#All],[CODIGO]]
Name cod: tbmateriales[[#All],[CODIGO]]
Name cod: tbmateriales[[#All],[CODIGO]]
Name cod: tbmateriales[[#All],[CODIGO]]
Name cod: tbmateriales[[#All],[CODIGO]]
Name cod: tbmateriales[[#All],[CODIGO]]
Name cod: tbmateriales[[#All],[CODIGO]]
Name cod: tbmateriales[[#All],[CODIGO]]
Name cod: tbmateriales[[#All],[CODIGO]]
Name cod: tbmateriales[[#All],[CODIGO]]
Name cod: tbmateriales[[#All],[CODIGO]]
Name cod: tbmateriales[[#All],[CODIGO]]
Name cod: tbmateriales[[#All],[CODIGO]]
Name cod: tbmateriales[[#All],[CODIGO]]
Name cod: tbmateriales[[#All],[CODIGO]]
Name cod: tbmateriales[[#All],[CODIGO]]
Name cod: tbmateriales[[#All],[CODIGO]]
Name cod: tbmateriales[[#All],[CODIGO]]
Name cod: tbmateriales[[#All],[CODIGO]]
Name cod: tbmateriales[[#All],[CODIGO]]
Name cod: tbmateriales[[#All],[CODIGO]]
Name cod: tbmateriales[[#All],[CODIGO]]
Name cod: tbmateriales[[#All],[CODIGO]]
Name cod: tbmateriales[[#All],[CODIGO]]
Name cod: tbmateriales[[#All],[CODIGO]]
Name cod: tbmateriales[[#All],[CODIGO]]
Name cod: tbmateriales[[#All],[CODIGO]]
Name cod: tbmateriales[[#All],[CODIGO]]
Name cod: tbmateriales[[#All],[CODIGO]]
Name cod: tbmateriales[[#All],[CODIGO]]
Name cod: tbmateriales[[#All],[CODIGO]]
Name cod: tbmateriales[[#All],[CODIGO]]
Name cod: tbmateriales[[#All],[CODIGO]]
Name cod: tbmateriales[[#All],[CODIGO]]
Name cod: tbmateriales[[#All],[CODIGO]]
Name cod: tbmateriales[[#All],[CODIGO]]
Name cod: tbmateriales[[#All],[CODIGO]]
Name cod: tbmateriales[[#All],[CODIGO]]
Name cod: tbmateriales[[#All],[CODIGO]]
Name cod: tbmateriales[[#All],[CODIGO]]
Name cod: tbmateriales[[#All],[CODIGO]]
Name cod: tbmateriales[[#All],[CODIGO]]
Name cod: tbmateriales[[#All],[CODIGO]]
Name cod: tbmateriales[[#All],[CODIGO]]
Name cod: tbmateriales[[#All],[CODIGO]]
Name cod: tbmateriales[[#All],[CODIGO]]
Name cod: tbmateriales[[#All],[CODIGO]]
Name cod: tbmateriales[[#All],[CODIGO]]
Name cod: tbmateriales[[#All],[CODIGO]]
Name cod: tbmateriales[[#All],[CODIGO]]
Name cod: tbmateriales[[#All],[CODIGO]]
Name cod: tbmateriales[[#All],[CODIGO]]
Name cod: tbmateriales[[#All],[CODIGO]]
Name cod: tbmateriales[[#All],[CODIGO]]
Name cod: tbmateriales[[#All],[CODIGO]]
Name cod: tbmateriales[[#All],[CODIGO]]
Name cod: tbmateriales[[#All],[CODIGO]]
Name cod: tbmateriales[[#All],[CODIGO]]

Sheet indice
A1: N° | B1: Clasificación | C1: Columna1 | D1: Código de Estructura | E1: Descripción | F1: Precios
A2: 1 | B2: Primaria | C2: 1F+N | D2: A-I-1 | E2: Estructura Primaria una Fase en Tangente (0º - 5º) | F2: ='A-I-1'!F10 -> 895.19
A3: 2 | B3: Primaria | C3: 1F+N | D3: A-I-1V | E3: Estructura Primaria una Fase Voladiza en Tangente (0º - 5º) | F3: ='A-I-1'!F11 -> 0
A4: 3 | B4: Primaria | C4: 1F+N | D4: A-I-2 | E4: Estructura Primaria una Fase en ángulo (5º-30º) | F4: ='A-I-1'!F12 -> 0
A5: 4 | B5: Primaria | C5: 1F+N | D5: A-I-2V | E5: Estructura Primaria una Fase Voladiza en Ángulo (0º - 5º) | F5: ='A-I-1'!F13 -> 0
A6: 5 | B6: Primaria | C6: 1F+N | D6: A-I-3 | E6: Estructura Primaria una Fase de Paso Vérttical (30º -60º) | F6: ='A-I-1'!F14 -> 0
A7: 6 | B7: Primaria | C7: 1F+N | D7: A-I-4 | E7: Estructura Primaria Una Fase en Remate. | F7: ='A-I-1'!F15 -> 0
A8: 7 | B8: Primaria | C8: 1F+N | D8: A-I-4A | E8: Estructura primaria una fase en remate a 180º de remate una fase existente. | F8: ='A-I-1'!F16 -> 0
A9: 8 | B9: Primaria | C9: 1F+N | D9: A-I-4B | E9: Estructura primaria una fase en remate, a 180º de remate existente de dos o tres fases | F9: ='A-I-1'!F17 -> 0
A10: 9 | B10: Primaria | C10: 1F+N | D10: A-I-4C | E10: Estructura primaria una fase en remate a 90º de línea de paso o remate existente. | F10: ='A-I-1'!F18 -> 0
A11: 10 | B11: Primaria | C11: 1F+N | D11: A-I-4V | E11: Estructura primaria una fase voladiza en remate | F11: ='A-I-1'!F19 -> 0
A12: 11 | B12: Primaria | C12: 1F+N | D12: A-I-5 | E12: Estructura primaria una fase en doble remate (0º-60º). | F12: ='A-I-1'!F20 -> 0
A13: 12 | B13: Primaria | C13: 1F+N | D13: A-I-5V | E13: Estructura primaria una fase voladiza en doble remate (0º-60º) | F13: ='A-I-1'!F21 -> 0
... A276: 275 | B276: Conexiones a tierra | C276: Aterrizaje | D276: CT-G | E276: Conexión Tierra a Guarda. | F276: ='A-I-1'!F284 -> 0
D277: CA-32 | E277: Control Automático de Iluminación de 32 A. | F277: ='A-I-1'!F285 -> 0
A278: 276 | B278: Luminaria | C278: Alumbrado | D278: LL-1-50W | E278: Luminaria Led Tipo Cobra 50 Watt. | F278: ='A-I-1'!F286 -> 0
A279: 277 | B279: Luminaria | C279: Alumbrado | D279: LL-1-28A-50W | E279: Luminaria Led Tipo Cobra 28 A 50 Watt. | F279: ='A-I-1'!F287 -> 0
A280: 278 | B280: Luminaria | C280: Alumbrado | D280: LL-1-100W | E280: Luminaria Led Tipo Cobra 100 Watt. | F280: ='A-I-1'!F288 -> 0
A281: 279 | B281: Luminaria | C281: Alumbrado | D281: LL-1-200W | E281: Luminaria Led Tipo Cobra 200 Watt. | F281: ='A-I-1'!F289 -> 0
B282: Logistica | C282: Horas de Grua | D282: HRSGRUA | E282: Costo de Grúa por hora. | F282: ='A-I-1'!F290 -> 0
D283: INST-LP | E283: Instalación de Línea Primaria conductor 1/0 ACSR por metro | F283: ='A-I-1'!F291 -> 0
D284: INST-LS | E284: Instalación de Línea Secundaria por metro | F284: ='A-I-1'!F292 -> 0

Sheet Materiales
A1: N° | B1: CODIGO | C1: MATERIALES | D1: Unidad | E1: REFERENCIA | F1: Costo Unitario
A2: 1 | B2: AB1 | C2: Abrazadera Doble Ajustable de 4 1/2" | D2: C/U | E2: AB CHANCE 637412 | F2: 200
A3: 2 | B3: AB2 | C3: Abrazadera Simple Ajustable de 6" | D3: C/U | E3: AB CHANCE PS6366 | F3: 200
A4: 3 | B4: AB3 | C4: Abrazadera Doble Ajustable de 6" | D4: C/U | E4: AB CHANCE PS6376 | F4: 200
A5: 4 | B5: AC | C5: Aislador de Carrete ANSI C 53-2 | D5: C/U | E5: AB CHANCE C909-1032 | F5: 15.6
A6: 5 | B6: AE1 | C6: Aislador de Espiga ANSI C 55-4 | D6: C/U | E6: AB CHANCE C905-1304 | F6: 260
A7: 6 | B7: AE2 | C7: Aislador de Espiga ANSI C 56-3 | D7: C/U | E7: AB CHANCE C906-1303 | F7: 278.88
A8: 7 | B8: AS2 | C8: Aislador de Suspensión ANSI C 52-9 | D8: C/U | E8: AB CHANCE C907-1009 | F8: 186.4
A9: 8 | B9: AS1 | C9: Aislador de Suspensión ANSI C 52-4 | D9: C/U | E9: AB CHANCE C909-1042 | F9: 140
A10: 9 | B10: ARE1 | C10: Aislador de Tensión ANSI C 54-1 | D10: C/U | E10: AB CHANCE C909-1041 | F10: 35
A11: 10 | B11: ARE2 | C11: Aislador de Tensión ANSI C 54-2 | D11: C/U | E11: AB CHANCE C909-1042 | F11: 35
A12: 11 | B12: ARE3 | C12: Aislador de Tensión ANSI C 54-3 | D12: C/U | E12: AB CHANCE C909-1043 | F12: 43.25
A13: 12 | B13: AP1 | C13: Aislador Polímero tipo Suspensión para 13.8 KV., IEC 815 | D13: C/U | E13: RAYCHEM RST-DS15R-CT | F13: 5
... A149: 148 | B149: LS6 | C149: Lámpara de Sodio de 400 Watts, Completa sin Fotocelda | D149: C/U | E149: COOPER OVX40SWW3E | F149: 5
A150: 149 | B150: LL1 | C150: Lámpara LED tipo Cobra de 50 Watts, Completa con Fotocelda | D150: C/U | F150: 1508
A151: 150 | B151: LL2 | C151: Lámpara LED tipo Cobra de 28 a 50 Watts, Completa con Fotocelda | D151: C/U | E151: Sin Referencia | F151: 5
A152: 151 | B152: LL3 | C152: Lámpara LED tipo Cobra de 100 Watts, Completa con Fotocelda | D152: C/U | E152: Sin Referencia | F152: 2500
A153: 152 | B153: LL4 | C153: Lámpara LED tipo Cobra de 200 Watts, Completa con Fotocelda | D153: C/U | E153: Sin Referencia | F153: 5
A154: 153 | B154: ME1 | C154: Medidor de Energía Electromecánico Monofásico | D154: C/U | E154: Sin Referencia | F154: 5
A155: 154 | B155: PR1 | C155: Pararrayo de Porcelana de 10 KV. | D155: C/U | E155: COOPER AZS101M010R | F155: 5
A156: 155 | B156: PR2 | C156: Pararrayo de Porcelana de 27 KV. | D156: C/U | E156: COOPER AZS101M027R | F156: 1600
A157: 156 | B157: PR3 | C157: Pararayo de Polimero para 10 KV IEEE C62.11 | D157: C/U | E157: TYCO DAH-10C, DAH-10A | F157: 5
A158: 157 | B158: PR4 | C158: Pararayo de Polimero para 27 KV IEEE C62.11 | D158: C/U | E158: TYCO DAH-27H4, DAH-27F4 | F158: 1354.82
A159: 158 | B159: PAI | C159: Perno de Acero Inoxidable 1/2" x 2" | D159: C/U | E159: BURNDY 50x200HSSB | F159: 5
A160: 159 | B160: PC | C160: Perno de Carroceria 3/8" x 5" | D160: C/U | E160: AB CHANCE 8635 | F160: 17.3
A161: 160 | B161: PM1 | C161: Perno de Máquina de 5/8" x 8" | D161: C/U | E161: AB CHANCE 8808 | F161: 24
A162: 161 | B162: PM2 | C162: Perno de Máquina de 5/8" x 10" | D162: C/U | E162: AB CHANCE 8810 | F162: 28.1
... A197: 196 | B197: PC45 | C197: Poste de Concreto de 45'. | D197: C/U | E197: Sin Referencia | F197: 14000
B198: PC50 | C198: Poste de Concreto de 50'.
A199: 197 | B199: PCA30 | C199: Poste de Concreto de 30 Pies Autosoportado. | D199: C/U | E199: Sin Referencia | F199: 13600
A200: 198 | B200: PCA35 | C200: Poste de Concreto de 35 Pies Autosoportado. | D200: C/U | E200: Sin Referencia | F200: 5
A201: 199 | B201: PCA40 | C201: Poste de Concreto de 40 Pies Autosoportado. | D201: C/U | E201: Sin Referencia | F201: 22305.22
A202: 200 | B202: PCA45 | C202: Poste de Concreto de 45 Pies Autosoportado. | D202: C/U | E202: Sin Referencia | F202: 25000
B203: PCA50 | C203: Poste de Concreto de 50 Pies Autosoportado.
A204: 201 | B204: PME30 | C204: Poste de Tubular de 30 Pies. | D204: C/U | E204: IMFICA | F204: 5
A205: 202 | B205: PME35 | C205: Poste de Tubular de 35 Pies. | D205: C/U | E205: IMFICA | F205: 5
A206: 203 | B206: PME40 | C206: Poste de Tubular de 40 Pies. | D206: C/U | E206: IMFICA | F206: 5
A207: 204 | B207: PME45 | C207: Poste de Tubular de 45 Pies. | D207: C/U | E207: IMFICA | F207: 5
B208: PCA40-2000Lb | C208: Poste de Concreto de 40 Pies Autosoportado, 2,000 Lb.
B209: PCA40-3000Lb | C209: Poste de Concreto de 40 Pies Autosoportado, 3,000 Lb.
B210: PCA45-2000Lb | C210: Poste de Concreto de 45 Pies Autosoportado, 2,000 Lb.
B211: PCA45-3000Lb | C211: Poste de Concreto de 45 Pies Autosoportado, 3,000 Lb.
B212: PCA50-2000Lb | C212: Poste de Concreto de 50 Pies Autosoportado, 2,000 Lb.
B213: PCA50-3000Lb | C213: Poste de Concreto de 50 Pies Autosoportado, 3,000 Lb.
A214: 205 | B214: PAN | C214: Puntal Angular de 50", 1-3/4" x 1-3/4" x 3/16" | D214: C/U | E214: AB CHANCE 6999 | F214: 245
A215: 206 | B215: PAN1 | C215: Puntal Angular de 60", 1-3/4" x 1-3/4" x 3/16" | D215: C/U | E215: AB CHANCE 6984 | F215: 275
A216: 207 | B216: SCT | C216: Separador para Cable Triplex N° 1/0 (para Tres Lineas) | D216: C/U | E216: Sin Referencia | F216: 5
A217: 208 | B217: PMR | C217: Protector Metálico para Retenida | D217: C/U | E217: JOSLYN J-1447 | F217: 5
A218: 209 | B218: PPR | C218: Protector Plástico para Retenida | D218: C/U | E218: AB CHANCE 84PBG-2Y | F218: 128.8
A219: 210 | B219: SMPT1 | C219: Soporte Metalico para Montaje de un Transformador en Poste | D219: C/U | E219: AB CHANCE 115 | F219: 5
A220: 211 | B220: SMPT2 | C220: Soporte Metalico para Montaje de dos Transformadores en Poste | D220: C/U | E220: AB CHANCE 215 | F220: 5
A221: 212 | B221: SMPT3 | C221: Soporte Metalico para Montaje de tres Transformadores en Poste | D221: C/U | E221: AB CHANCE 315 | F221: 5
A222: 213 | B222: SMPT4 | C222: Soporte Metalico para Montaje de un Transformador en Poste | D222: C/U | E222: AB CHANCE PS150 | F222: 5
A223: 214 | B223: SMPT5 | C223: Soporte Metalico para Montaje de dos Transformadores en Poste | D223: C/U | E223: AB CHANCE PS250 | F223: 5
A224: 215 | B224: SMPT6 | C224: Soporte Metalico para Montaje de Tres Transformadores en Poste | D224: C/U | E224: AB CHANCE PS350 | F224: 5
A225: 216 | B225: TP | C225: Tirante de Pletina de 1/4" x 1-1/4" x 30" | D225: C/U | E225: AB CHANCE 7130 | F225: 81.42
... A259: 250 | B259: VPT | C259: Varilla Galvanizada para Polo a Tierra 5/8" x 8' | D259: C/U | E259: AB CHANCE 8578 | F259: 184
B260: CR-PVC-1 | C260: Caja de Registro PVC 6' x 6' x 4' | D260: C/U | F260: 239
B261: LL-11/2 | C261: Condulet LL de 1½" con tapadera. | D261: C/U | F261: 255
B262: ADAP-M-PVC-2 | C262: Adaptador macho PVC C-40 de 2" | D262: C/U | F262: 28
B263: RMC-1/2 | C263: Tubería conduit rígida RMC de 2" x 10' | D263: C/U | F263: 250
B264: GB-5 | C264: Bushing conduit metálico de 1½" | D264: C/U | F264: 13
B265: REST-1 | C265: Restaurador de 34.5 KV, 600 A. | D265: C/U | F265: 475000
B266: CM-2 | C266: Cuchilla Monopolar, 34.5 KV, 600 A. | D266: C/U | F266: 7000

Sheet Internos
A1: N° | B1: CÓDIGO | C1: DESCRIPCIÓN DE MATERIALES | D1: Unidad | E1: REFERENCIA | F1: Costo Unitario
A2: 1 | C2: THHN # 16 AWG, Rojo. | F2: 5
A3: 2 | C3: THHN # 16 AWG, Negro. | F3: 5
A4: 3 | C4: THHN # 16 AWG, Blanco. | F4: 5
A5: 4 | C5: THHN # 16 AWG, Verde. | F5: 12
A6: 5 | C6: THHN # 16 AWG, Azul. | F6: 5
A7: 6 | C7: THHN # 14 AWG, Rojo. | F7: 290
A8: 7 | C8: THHN # 14 AWG, Negro. | F8: 119
A9: 8 | C9: THHN # 14 AWG, Blanco. | F9: 5
A10: 9 | C10: THHN # 14 AWG, Verde. | F10: 5
A11: 10 | C11: THHN # 14 AWG, Azul. | F11: 5
A12: 11 | C12: THHN # 12 AWG, Rojo. | F12: 35
A13: 12 | C13: THHN # 12 AWG, Negro. | F13: 5
... A81: 80 | C81: THHN # 500 Kcmil, Azul. | F81: 5
A82: 81 | F82: 5
A83: 82 | F83: 5
A84: 83 | F84: 5
A85: 84 | F85: 5
A86: 85 | F86: 5
A87: 86 | F87: 5
A88: 87 | F88: 8.5
A89: 88 | F89: 5
A90: 89 | F90: 5
A91: 90 | F91: 11
A92: 91 | F92: 15
A93: 92 | F93: 5
... A251: 250 | F251: 225
F252: 239
F253: 255
F254: 28
F255: 250
F256: 13

Sheet conectores
A1: Calibre | B1: Código | C1: Descripción | D1: Estructuras aplicables
A2: 1/0 ACSR | B2: 25A25 | C2: CONECTOR DE COMPRESIÓN YC 25A25 (1/0-1/0) | D2: A, TM, TH, ER
A3: 1/0 ACSR | B3: 25A2 | C3: CONECTOR DE COMPRESIÓN YC 25A2 (1/0-2) | D3: A, TM, TH, ER
A4: 3/0 ACSR | B4: 28A2 | C4: CONECTOR DE COMPRESIÓN YC 28A2 (3/0-2) | D4: A, TM, TH, ER
A5: 3/0 ACSR | B5: 28A25 | C5: CONECTOR DE COMPRESIÓN YC 28A25 (3/0-1/0) | D5: A, TM, TH, ER
A6: 3/0 ACSR | B6: 28A28 | C6: CONECTOR DE COMPRESIÓN YC 28A28 (3/0-3/0) | D6: A, TM, TH, ER
A7: 266.8 MCM | B7: KDR05 | C7: CONECTOR DE COMPRESIÓN KDR05 (266.8-3/0) | D7: A, TM, TH, ER
A8: 266.8 MCM | B8: 33R28R | C8: CONECTOR DE COMPRESIÓN YPC 33R28R (266.8-2/0) | D8: A, TM, TH, ER
A9: 266.8 MCM | B9: 33R26U | C9: CONECTOR DE COMPRESIÓN YPC 33R26U (266.8-1/0) | D9: A, TM, TH, ER
A10: 266.8 MCM | B10: 33R28R | C10: CONECTOR DE COMPRESIÓN YPC 33R28R (266.8-3/0) | D10: A, TM, TH, ER
A11: 266.8 MCM | B11: 26R8U | C11: CONECTOR DE COMPRESIÓN YPC 26R8U | D11: A, TM, TH, ER
A12: 266.8 MCM | B12: 33R33R | C12: CONECTOR DE COMPRESIÓN YPC 33R33R (266.8-266.8) | D12: A, TM, TH, ER

Sheet PM-30
A1: COD. ENEE | B1: Materiales | C1: Unidad | D1: 34.5 | E1: 13.8 | F1: Precio
A2: PM30 | B2: =VLOOKUP(A2,tmat,2,FALSE) -> Poste de Madera de 30' | C2: C/U | D2: 1 | E2: 1 | F2: =VLOOKUP(A2, Materiales!B:F, 5, FALSE) -> 6700
E3: Total | F3: =SUM(F2) -> 6700

Sheet PM-35
A1: COD. ENEE | B1: Materiales | C1: Unidad | D1: 34.5 | E1: 13.8
A2: PM35 | B2: =VLOOKUP(A2,tmat,2,FALSE) -> Poste de Madera de 35' | C2: C/U | D2: 1 | E2: 1

Sheet PM-40
A1: COD. ENEE | B1: Materiales | C1: Unidad | D1: 34.5 | E1: 13.8
A2: PM40 | B2: =VLOOKUP(A2,tmat,2,FALSE) -> Poste de Madera de 40' | C2: C/U | D2: 1 | E2: 1

Sheet PM-45
A1: COD. ENEE | B1: Materiales | C1: Unidad | D1: 34.5 | E1: 13.8
A2: PM45 | B2: =VLOOKUP(A2,tmat,2,FALSE) -> Poste de Madera de 45' | C2: C/U | D2: 1 | E2: 1

Sheet PC-30
A1: COD. ENEE | B1: Materiales | C1: Unidad | D1: 34.5 | E1: 13.8
A2: PC30 | B2: =VLOOKUP(A2,tmat,2,FALSE) -> Poste de Concreto de 30'. | C2: C/U | D2: 1 | E2: 1

Sheet PC-40
A1: COD. ENEE | B1: Materiales | C1: Unidad | D1: 34.5 | E1: 13.8
A2: PC40 | B2: =VLOOKUP(A2,tmat,2,FALSE) -> Poste de Concreto de 40'. | C2: C/U | D2: 1 | E2: 1

Sheet PC-45
A1: COD. ENEE | B1: Materiales | C1: Unidad | D1: 34.5 | E1: 13.8
A2: PC45 | B2: =VLOOKUP(A2,tmat,2,FALSE) -> Poste de Concreto de 45'. | C2: C/U | D2: 1 | E2: 1

Sheet PC-50
A1: COD. ENEE | B1: Materiales | C1: Unidad | D1: 34.5 | E1: 13.8
A2: PC50 | B2: =VLOOKUP(A2,tmat,2,FALSE) -> Poste de Concreto de 50'. | C2: C/U | D2: 1 | E2: 1

Sheet PCA-30
A1: COD. ENEE | B1: Materiales | C1: Unidad | D1: 34.5 | E1: 13.8
A2: PCA30 | B2: =VLOOKUP(A2,tmat,2,FALSE) -> Poste de Concreto de 30 Pies Autosoportado. | C2: C/U | D2: 1 | E2: 1

Sheet PCA-35
A1: COD. ENEE | B1: Materiales | C1: Unidad | D1: 34.5 | E1: 13.8
A2: PCA35 | B2: =VLOOKUP(A2,tmat,2,FALSE) -> Poste de Concreto de 35 Pies Autosoportado. | C2: C/U | D2: 1 | E2: 1

Sheet PCA-40
A1: COD. ENEE | B1: Materiales | C1: Unidad | D1: 34.5 | E1: 13.8
A2: PCA40 | B2: =VLOOKUP(A2,tmat,2,FALSE) -> Poste de Concreto de 40 Pies Autosoportado. | C2: C/U | D2: 1 | E2: 1

Sheet PCA-45
A1: COD. ENEE | B1: Materiales | C1: Unidad | D1: 34.5 | E1: 13.8
A2: PCA45 | B2: =VLOOKUP(A2,tmat,2,FALSE) -> Poste de Concreto de 45 Pies Autosoportado. | C2: C/U | D2: 1 | E2: 1

Sheet PCA-50
A1: COD. ENEE | B1: Materiales | C1: Unidad | D1: 34.5 | E1: 13.8
A2: PCA50 | B2: =VLOOKUP(A2,tmat,2,FALSE) -> Poste de Concreto de 50 Pies Autosoportado. | C2: C/U | D2: 1 | E2: 1

Sheet PT-30
A1: COD. ENEE | B1: Materiales | C1: Unidad | D1: 34.5 | E1: 13.8
A2: PME30 | B2: =VLOOKUP(A2,tmat,2,FALSE) -> Poste de Tubular de 30 Pies. | C2: C/U | D2: 1 | E2: 1

Sheet PT-35
A1: COD. ENEE | B1: Materiales | C1: Unidad | D1: 34.5 | E1: 13.8
A2: PME35 | B2: =VLOOKUP(A2,tmat,2,FALSE) -> Poste de Tubular de 35 Pies. | C2: C/U | D2: 1 | E2: 1

Sheet PT-40
A1: COD. ENEE | B1: Materiales | C1: Unidad | D1: 34.5 | E1: 13.8
A2: PME40 | B2: =VLOOKUP(A2,tmat,2,FALSE) -> Poste de Tubular de 40 Pies. | C2: C/U | D2: 1 | E2: 1

Sheet PT-45
A1: COD. ENEE | B1: Materiales | C1: Unidad | D1: 34.5 | E1: 13.8
A2: PME45 | B2: =VLOOKUP(A2,tmat,2,FALSE) -> Poste de Tubular de 45 Pies. | C2: C/U | D2: 1 | E2: 1

Sheet PCA-40-2000Lb
A1: COD. ENEE | B1: Materiales | C1: Unidad | D1: 34.5 | E1: 13.8
A2: PCA40-2000Lb | B2: =VLOOKUP(A2,tmat,2,FALSE) -> Poste de Concreto de 40 Pies Autosoportado, 2,000 Lb. | C2: C/U | D2: 1 | E2: 1

Sheet PCA-40-3000Lb
A1: COD. ENEE | B1: Materiales | C1: Unidad | D1: 34.5 | E1: 13.8
A2: PCA40-3000Lb | B2: =VLOOKUP(A2,tmat,2,FALSE) -> Poste de Concreto de 40 Pies Autosoportado, 3,000 Lb. | C2: C/U | D2: 1 | E2: 1

Sheet PCA-45-2000Lb
A1: COD. ENEE | B1: Materiales | C1: Unidad | D1: 34.5 | E1: 13.8
A2: PCA45-2000Lb | B2: =VLOOKUP(A2,tmat,2,FALSE) -> Poste de Concreto de 45 Pies Autosoportado, 2,000 Lb. | C2: C/U | D2: 1 | E2: 1

Sheet PCA-45-3000Lb
A1: COD. ENEE | B1: Materiales | C1: Unidad | D1: 34.5 | E1: 13.8
A2: PCA45-3000Lb | B2: =VLOOKUP(A2,tmat,2,FALSE) -> Poste de Concreto de 45 Pies Autosoportado, 3,000 Lb. | C2: C/U | D2: 1 | E2: 1

Sheet PCA-50-2000Lb
A1: COD. ENEE | B1: Materiales | C1: Unidad | D1: 34.5 | E1: 13.8
A2: PCA50-2000Lb | B2: =VLOOKUP(A2,tmat,2,FALSE) -> Poste de Concreto de 50 Pies Autosoportado, 2,000 Lb. | C2: C/U | D2: 1 | E2: 1

Sheet PC-50-3000Lb
A1: COD. ENEE | B1: Materiales | C1: Unidad | D1: 34.5 | E1: 13.8
A2: PCA50-3000Lb | B2: =VLOOKUP(A2,tmat,2,FALSE) -> Poste de Concreto de 50 Pies Autosoportado, 3,000 Lb. | C2: C/U | D2: 1 | E2: 1

Sheet A-I-1
A1: COD. ENEE | B1: Materiales | C1: Unidad | D1: 34.5 | E1: 13.8 | F1: Precios
A2: AE1 | B2: =VLOOKUP(A2,tmat,2,FALSE) -> Aislador de Espiga ANSI C 55-4 | C2: C/U | D2: 0 | E2: 1 | F2: =VLOOKUP(A2, Materiales!B:F, 5, FALSE) -> 260
A3: AE2 | B3: =VLOOKUP(A3,tmat,2,FALSE) -> Aislador de Espiga ANSI C 56-3 | C3: C/U | D3: 1 | E3: 0 | F3: =VLOOKUP(A3, Materiales!B:F, 5, FALSE) -> 278.88
A4: AA1 | B4: =VLOOKUP(A4,tmat,2,FALSE) -> Alambre de Amarre N° 6 | C4: Pie | D4: 10 | E4: 10 | F4: =VLOOKUP(A4, Materiales!B:F, 5, FALSE) -> 2.17
A5: AR1 | B5: =VLOOKUP(A5,tmat,2,FALSE) -> Arandela Cuadrada 3/16" x 2-1/4" x 2-1/4", Ø=11/16" | C5: C/U | D5: 2 | E5: 2 | F5: =VLOOKUP(A5, Materiales!B:F, 5, FALSE) -> 10.37
A6: EP2 | B6: =VLOOKUP(A6,tmat,2,FALSE) -> Espiga Punta de Poste tipo Recta, 34.5 KV, L=20" Rosca 1-3/8" | C6: C/U | D6: 1 | E6: 0 | F6: =VLOOKUP(A6, Materiales!B:F, 5, FALSE) -> 153.85
A7: EP1 | B7: =VLOOKUP(A7,tmat,2,FALSE) -> Espiga Punta de Poste tipo Recta, 13.8 KV, L=18" Rosca 1" | C7: C/U | D7: 0 | E7: 1 | F7: =VLOOKUP(A7, Materiales!B:F, 5, FALSE) -> 5
A8: PM2 | B8: =VLOOKUP(A8,tmat,2,FALSE) -> Perno de Máquina de 5/8" x 10" | C8: C/U | D8: 2 | E8: 2 | F8: =VLOOKUP(A8, Materiales!B:F, 5, FALSE) -> 28.1
A9: VAP2 | B9: =VLOOKUP(A9,tmat,2,FALSE) -> Varilla de Armar Preformado para Cable ASCR # 1/0 AWG | C9: C/U | D9: 1 | E9: 1 | F9: =VLOOKUP(A9, Materiales!B:F, 5, FALSE) -> 156.82
F10: =SUM(F2:F9) -> 895.19

Sheet A-I-1V
A1: COD. ENEE | B1: Materiales | C1: Unidad | D1: 34.5 | E1: 13.8
A2: AE1 | B2: =VLOOKUP(A2,tmat,2,FALSE) -> Aislador de Espiga ANSI C 55-4 | C2: C/U | D2: 0 | E2: 1
A3: AE2 | B3: =VLOOKUP(A3,tmat,2,FALSE) -> Aislador de Espiga ANSI C 56-3 | C3: C/U | D3: 1 | E3: 0
A4: AA1 | B4: =VLOOKUP(A4,tmat,2,FALSE) -> Alambre de Amarre N° 6 | C4: Pie | D4: 10 | E4: 10
A5: AR1 | B5: =VLOOKUP(A5,tmat,2,FALSE) -> Arandela Cuadrada 3/16" x 2-1/4" x 2-1/4", Ø=11/16" | C5: C/U | D5: 3 | E5: 3
A6: CR3 | B6: =VLOOKUP(A6,tmat,2,FALSE) -> Crucete de Madera Curada de 4" x 5" x 96" /Voladizo | C6: C/U | D6: 1 | E6: 1
A7: EC1 | B7: =VLOOKUP(A7,tmat,2,FALSE) -> Espiga para Cruceta de Madera, L=6" Rosca 1", Φ = 3/4" | C7: C/U | D7: 1 | E7: 0
A8: EC2 | B8: =VLOOKUP(A8,tmat,2,FALSE) -> Espiga para Cruceta de Madera, L=8" Rosca 1-3/8", Φ = 3/4" | C8: C/U | D8: 0 | E8: 1
A9: PM1 | B9: =VLOOKUP(A9,tmat,2,FALSE) -> Perno de Máquina de 5/8" x 8" | C9: C/U | D9: 1 | E9: 1
A10: PM4 | B10: =VLOOKUP(A10,tmat,2,FALSE) -> Perno de Máquina de 5/8" x 14" | C10: C/U | D10: 1 | E10: 1
A11: PAN1 | B11: =VLOOKUP(A11,tmat,2,FALSE) -> Puntal Angular de 60", 1-3/4" x 1-3/4" x 3/16" | C11: C/U | D11: 1 | E11: 1
A12: PM10 | B12: =VLOOKUP(A12,tmat,2,FALSE) -> Perno de Máquina de 1/2" x 10" | C12: C/U | D12: 1 | E12: 1
A13: VAP2 | B13: =VLOOKUP(A13,tmat,2,FALSE) -> Varilla de Armar Preformado para Cable ASCR # 1/0 AWG | C13: C/U | D13: 1 | E13: 1

Sheet A-I-2
A1: COD. ENEE | B1: Materiales | C1: Unidad | D1: 34.5 | E1: 13.8
A2: AE1 | B2: =VLOOKUP(A2,tmat,2,FALSE) -> Aislador de Espiga ANSI C 55-4 | C2: C/U | D2: 0 | E2: 2
A3: AE2 | B3: =VLOOKUP(A3,tmat,2,FALSE) -> Aislador de Espiga ANSI C 56-3 | C3: C/U | D3: 2 | E3: 0
A4: AA1 | B4: =VLOOKUP(A4,tmat,2,FALSE) -> Alambre de Amarre N° 6 | C4: Pie | D4: 10 | E4: 10
A5: AR1 | B5: =VLOOKUP(A5,tmat,2,FALSE) -> Arandela Cuadrada 3/16" x 2-1/4" x 2-1/4", Ø=11/16" | C5: C/U | D5: 2 | E5: 2
A6: EP1 | B6: =VLOOKUP(A6,tmat,2,FALSE) -> Espiga Punta de Poste tipo Recta, 13.8 KV, L=18" Rosca 1" | C6: C/U | D6: 0 | E6: 2
A7: EPC | B7: =VLOOKUP(A7,tmat,2,FALSE) -> Espiga para Punta de Poste tipo Escuadra, 34.5 KV, L=21" Rosca 1-3/8" | C7: C/U | D7: 2 | E7: 0
A8: PM3 | B8: =VLOOKUP(A8,tmat,2,FALSE) -> Perno de Máquina de 5/8" x 12" | C8: C/U | D8: 2 | E8: 2
A9: VAP2 | B9: =VLOOKUP(A9,tmat,2,FALSE) -> Varilla de Armar Preformado para Cable ASCR # 1/0 AWG | C9: C/U | D9: 1 | E9: 1

Sheet A-I-4
A1: COD. ENEE | B1: Materiales | C1: Unidad | D1: 34.5 | E1: 13.8
A2: AS2 | B2: =VLOOKUP(A2,tmat,2,FALSE) -> Aislador de Suspensión ANSI C 52-9 | C2: C/U | D2: 3 | E2: 2
A3: AR1 | B3: =VLOOKUP(A3,tmat,2,FALSE) -> Arandela Cuadrada 3/16" x 2-1/4" x 2-1/4", Ø=11/16" | C3: C/U | D3: 2 | E3: 2
A4: GT4 | B4: =VLOOKUP(A4,tmat,2,FALSE) -> Grapa Terminal tipo Recto para Conductor (1/0 - 4/0) | C4: C/U | D4: 1 | E4: 1
A5: PRC1 | B5: =VLOOKUP(A5,tmat,2,FALSE) -> Perno de Rosca Corrida 5/8" x 12" | C5: C/U | D5: 1 | E5: 1
A6: TO1 | B6: =VLOOKUP(A6,tmat,2,FALSE) -> Tuerca de Ojo de 5/8" | C6: C/U | D6: 1 | E6: 1

Sheet A-I-4A
A1: COD. ENEE | B1: Materiales | C1: Unidad | D1: 34.5 | E1: 13.8
A2: AS2 | B2: =VLOOKUP(A2,tmat,2,FALSE) -> Aislador de Suspensión ANSI C 52-9 | C2: C/U | D2: 3 | E2: 2
A3: AE1 | B3: =VLOOKUP(A3,tmat,2,FALSE) -> Aislador de Espiga ANSI C 55-4 | C3: C/U | D3: 0 | E3: 1
A4: AE2 | B4: =VLOOKUP(A4,tmat,2,FALSE) -> Aislador de Espiga ANSI C 56-3 | C4: C/U | D4: 1 | E4: 0
A5: AA1 | B5: =VLOOKUP(A5,tmat,2,FALSE) -> Alambre de Amarre N° 6 | C5: Pie | D5: 5 | E5: 5
A6: AR1 | B6: =VLOOKUP(A6,tmat,2,FALSE) -> Arandela Cuadrada 3/16" x 2-1/4" x 2-1/4", Ø=11/16" | C6: C/U | D6: 2 | E6: 2
A7: CC2 | B7: =VLOOKUP(A7,tmat,2,FALSE) -> Conector de Compresión YC 25A25 (1/0-1/0) | C7: C/U | D7: 1 | E7: 1
A8: EP2 | B8: =VLOOKUP(A8,tmat,2,FALSE) -> Espiga Punta de Poste tipo Recta, 34.5 KV, L=20" Rosca 1-3/8" | C8: C/U | D8: 1 | E8: 0
A9: EP1 | B9: =VLOOKUP(A9,tmat,2,FALSE) -> Espiga Punta de Poste tipo Recta, 13.8 KV, L=18" Rosca 1" | C9: C/U | D9: 0 | E9: 1
A10: GT4 | B10: =VLOOKUP(A10,tmat,2,FALSE) -> Grapa Terminal tipo Recto para Conductor (1/0 - 4/0) | C10: C/U | D10: 1 | E10: 1
A11: PM2 | B11: =VLOOKUP(A11,tmat,2,FALSE) -> Perno de Máquina de 5/8" x 10" | C11: C/U | D11: 2 | E11: 2
A12: TO1 | B12: =VLOOKUP(A12,tmat,2,FALSE) -> Tuerca de Ojo de 5/8" | C12: C/U | D12: 1 | E12: 1

Sheet A-I-4B
A1: COD. ENEE | B1: Materiales | C1: Unidad | D1: 34.5 | E1: 13.8
A2: AE1 | B2: =VLOOKUP(A2,tmat,2,FALSE) -> Aislador de Espiga ANSI C 55-4 | C2: C/U | D2: 1 | E2: 0
A3: AE2 | B3: =VLOOKUP(A3,tmat,2,FALSE) -> Aislador de Espiga ANSI C 56-3 | C3: C/U | D3: 1 | E3: 0
A4: AS2 | B4: =VLOOKUP(A4,tmat,2,FALSE) -> Aislador de Suspensión ANSI C 52-9 | C4: C/U | D4: 3 | E4: 2
A5: AA1 | B5: =VLOOKUP(A5,tmat,2,FALSE) -> Alambre de Amarre N° 6 | C5: Pie | D5: 5 | E5: 5
A6: CC2 | B6: =VLOOKUP(A6,tmat,2,FALSE) -> Conector de Compresión YC 25A25 (1/0-1/0) | C6: C/U | D6: 1 | E6: 1
A7: EC1 | B7: =VLOOKUP(A7,tmat,2,FALSE) -> Espiga para Cruceta de Madera, L=6" Rosca 1", Φ = 3/4" | C7: C/U | D7: 0 | E7: 1
A8: EC2 | B8: =VLOOKUP(A8,tmat,2,FALSE) -> Espiga para Cruceta de Madera, L=8" Rosca 1-3/8", Φ = 3/4" | C8: C/U | D8: 1 | E8: 0
A9: GT4 | B9: =VLOOKUP(A9,tmat,2,FALSE) -> Grapa Terminal tipo Recto para Conductor (1/0 - 4/0) | C9: C/U | D9: 1 | E9: 1
A10: TO1 | B10: =VLOOKUP(A10,tmat,2,FALSE) -> Tuerca de Ojo de 5/8" | C10: C/U | D10: 1 | E10: 1

Sheet A-I-4C
A1: COD. ENEE | B1: Materiales | C1: Unidad | D1: 34.5 | E1: 13.8
A2: AS2 | B2: =VLOOKUP(A2,tmat,2,FALSE) -> Aislador de Suspensión ANSI C 52-9 | C2: C/U | D2: 3 | E2: 2
A3: AR1 | B3: =VLOOKUP(A3,tmat,2,FALSE) -> Arandela Cuadrada 3/16" x 2-1/4" x 2-1/4", Ø=11/16" | C3: C/U | D3: 2 | E3: 2
A4: CC2 | B4: =VLOOKUP(A4,tmat,2,FALSE) -> Conector de Compresión YC 25A25 (1/0-1/0) | C4: C/U | D4: 1 | E4: 1
A5: GT4 | B5: =VLOOKUP(A5,tmat,2,FALSE) -> Grapa Terminal tipo Recto para Conductor (1/0 - 4/0) | C5: C/U | D5: 1 | E5: 1
A6: PRC1 | B6: =VLOOKUP(A6,tmat,2,FALSE) -> Perno de Rosca Corrida 5/8" x 12" | C6: C/U | D6: 1 | E6: 1
A7: TO1 | B7: =VLOOKUP(A7,tmat,2,FALSE) -> Tuerca de Ojo de 5/8" | C7: C/U | D7: 1 | E7: 1

Sheet A-I-4V
A1: COD. ENEE | B1: Materiales | C1: Unidad | D1: 34.5 | E1: 13.8
A2: AS2 | B2: =VLOOKUP(A2,tmat,2,FALSE) -> Aislador de Suspensión ANSI C 52-9 | C2: C/U | D2: 3 | E2: 2
A3: AR1 | B3: =VLOOKUP(A3,tmat,2,FALSE) -> Arandela Cuadrada 3/16" x 2-1/4" x 2-1/4", Ø=11/16" | C3: C/U | D3: 12 | E3: 12
A4: CR3 | B4: =VLOOKUP(A4,tmat,2,FALSE) -> Crucete de Madera Curada de 4" x 5" x 96" /Voladizo | C4: C/U | D4: 2 | E4: 2
A5: GT4 | B5: =VLOOKUP(A5,tmat,2,FALSE) -> Grapa Terminal tipo Recto para Conductor (1/0 - 4/0) | C5: C/U | D5: 1 | E5: 1
A6: PM1 | B6: =VLOOKUP(A6,tmat,2,FALSE) -> Perno de Máquina de 5/8" x 8" | C6: C/U | D6: 2 | E6: 2
A7: PRC5 | B7: =VLOOKUP(A7,tmat,2,FALSE) -> Perno de Rosca Corrida 5/8" x 20" | C7: C/U | D7: 3 | E7: 3
A8: PAN1 | B8: =VLOOKUP(A8,tmat,2,FALSE) -> Puntal Angular de 60", 1-3/4" x 1-3/4" x 3/16" | C8: C/U | D8: 2 | E8: 2
A9: PM10 | B9: =VLOOKUP(A9,tmat,2,FALSE) -> Perno de Máquina de 1/2" x 10" | C9: C/U | D9: 2 | E9: 2
A10: TO1 | B10: =VLOOKUP(A10,tmat,2,FALSE) -> Tuerca de Ojo de 5/8" | C10: C/U | D10: 1 | E10: 1

Sheet A-I-5
A1: COD. ENEE | B1: Materiales | C1: Unidad | D1: 34.5 | E1: 13.8
A2: AE1 | B2: =VLOOKUP(A2,tmat,2,FALSE) -> Aislador de Espiga ANSI C 55-4 | C2: C/U | D2: 0 | E2: 1
A3: AE2 | B3: =VLOOKUP(A3,tmat,2,FALSE) -> Aislador de Espiga ANSI C 56-3 | C3: C/U | D3: 1 | E3: 0
A4: AS2 | B4: =VLOOKUP(A4,tmat,2,FALSE) -> Aislador de Suspensión ANSI C 52-9 | C4: C/U | D4: 6 | E4: 4
A5: AA1 | B5: =VLOOKUP(A5,tmat,2,FALSE) -> Alambre de Amarre N° 6 | C5: Pie | D5: 5 | E5: 5
A6: AR1 | B6: =VLOOKUP(A6,tmat,2,FALSE) -> Arandela Cuadrada 3/16" x 2-1/4" x 2-1/4", Ø=11/16" | C6: C/U | D6: 4 | E6: 4
A7: CC2 | B7: =VLOOKUP(A7,tmat,2,FALSE) -> Conector de Compresión YC 25A25 (1/0-1/0) | C7: C/U | D7: 1 | E7: 1
A8: EP2 | B8: =VLOOKUP(A8,tmat,2,FALSE) -> Espiga Punta de Poste tipo Recta, 34.5 KV, L=20" Rosca 1-3/8" | C8: C/U | D8: 1 | E8: 0
A9: EP1 | B9: =VLOOKUP(A9,tmat,2,FALSE) -> Espiga Punta de Poste tipo Recta, 13.8 KV, L=18" Rosca 1" | C9: C/U | D9: 0 | E9: 1
A10: GT4 | B10: =VLOOKUP(A10,tmat,2,FALSE) -> Grapa Terminal tipo Recto para Conductor (1/0 - 4/0) | C10: C/U | D10: 2 | E10: 2
A11: PM2 | B11: =VLOOKUP(A11,tmat,2,FALSE) -> Perno de Máquina de 5/8" x 10" | C11: C/U | D11: 2 | E11: 2
A12: PRC1 | B12: =VLOOKUP(A12,tmat,2,FALSE) -> Perno de Rosca Corrida 5/8" x 12" | C12: C/U | D12: 1 | E12: 1
A13: TO1 | B13: =VLOOKUP(A13,tmat,2,FALSE) -> Tuerca de Ojo de 5/8" | C13: C/U | D13: 2 | E13: 2

Sheet A-I-5V
A1: COD.ENEE | B1: MATERIALES | C1: UNIDAD | D1: 34.5 kV | E1: 13.8 kV
A2: AA1 | B2: =VLOOKUP(A2,tmat,2,FALSE) -> Alambre de Amarre N° 6 | C2: Pie | D2: 5 | E2: 5
A3: AE1 | B3: =VLOOKUP(A3,tmat,2,FALSE) -> Aislador de Espiga ANSI C 55-4 | C3: C/U | D3: 0 | E3: 1
A4: AE2 | B4: =VLOOKUP(A4,tmat,2,FALSE) -> Aislador de Espiga ANSI C 56-3 | C4: C/U | D4: 1 | E4: 0
A5: AS2 | B5: =VLOOKUP(A5,tmat,2,FALSE) -> Aislador de Suspensión ANSI C 52-9 | C5: C/U | D5: 6 | E5: 4
A6: AR1 | B6: =VLOOKUP(A6,tmat,2,FALSE) -> Arandela Cuadrada 3/16" x 2-1/4" x 2-1/4", Ø=11/16" | C6: C/U | D6: 12 | E6: 12
A7: CC2 | B7: =VLOOKUP(A7,tmat,2,FALSE) -> Conector de Compresión YC 25A25 (1/0-1/0) | C7: C/U | D7: 1 | E7: 1
A8: CR3 | B8: =VLOOKUP(A8,tmat,2,FALSE) -> Crucete de Madera Curada de 4" x 5" x 96" /Voladizo | C8: C/U | D8: 2 | E8: 2
A9: EC1 | B9: =VLOOKUP(A9,tmat,2,FALSE) -> Espiga para Cruceta de Madera, L=6" Rosca 1", Φ = 3/4" | C9: C/U | D9: 0 | E9: 1
A10: EC2 | B10: =VLOOKUP(A10,tmat,2,FALSE) -> Espiga para Cruceta de Madera, L=8" Rosca 1-3/8", Φ = 3/4" | C10: C/U | D10: 1 | E10: 0
A11: GT4 | B11: =VLOOKUP(A11,tmat,2,FALSE) -> Grapa Terminal tipo Recto para Conductor (1/0 - 4/0) | C11: C/U | D11: 2 | E11: 2
A12: PM1 | B12: =VLOOKUP(A12,tmat,2,FALSE) -> Perno de Máquina de 5/8" x 8" | C12: C/U | D12: 2 | E12: 2
A13: PRC5 | B13: =VLOOKUP(A13,tmat,2,FALSE) -> Perno de Rosca Corrida 5/8" x 20" | C13: C/U | D13: 3 | E13: 3
... A16: TO1 | B16: =VLOOKUP(A16,tmat,2,FALSE) -> Tuerca de Ojo de 5/8" | C16: C/U | D16: 2 | E16: 2

Sheet A-I-6
A1: COD. ENEE | B1: Materiales | C1: Unidad | D1: 34.5 | E1: 13.8
A2: AS2 | B2: =VLOOKUP(A2,tmat,2,FALSE) -> Aislador de Suspensión ANSI C 52-9 | C2: C/U | D2: 6 | E2: 4
A3: AR1 | B3: =VLOOKUP(A3,tmat,2,FALSE) -> Arandela Cuadrada 3/16" x 2-1/4" x 2-1/4", Ø=11/16" | C3: C/U | D3: 4 | E3: 4
A4: CC2 | B4: =VLOOKUP(A4,tmat,2,FALSE) -> Conector de Compresión YC 25A25 (1/0-1/0) | C4: C/U | D4: 1 | E4: 1
A5: GT4 | B5: =VLOOKUP(A5,tmat,2,FALSE) -> Grapa Terminal tipo Recto para Conductor (1/0 - 4/0) | C5: C/U | D5: 2 | E5: 2
A6: PRC1 | B6: =VLOOKUP(A6,tmat,2,FALSE) -> Perno de Rosca Corrida 5/8" x 12" | C6: C/U | D6: 2 | E6: 2
A7: TO1 | B7: =VLOOKUP(A7,tmat,2,FALSE) -> Tuerca de Ojo de 5/8" | C7: C/U | D7: 2 | E7: 2

Sheet A-I-7
A1: COD. ENEE | B1: Materiales | C1: Unidad | D1: 34.5 | E1: 13.8
A2: AE1 | B2: =VLOOKUP(A2,tmat,2,FALSE) -> Aislador de Espiga ANSI C 55-4 | C2: C/U | D2: 0 | E2: 1
A3: AE2 | B3: =VLOOKUP(A3,tmat,2,FALSE) -> Aislador de Espiga ANSI C 56-3 | C3: C/U | D3: 1 | E3: 0
A4: AS2 | B4: =VLOOKUP(A4,tmat,2,FALSE) -> Aislador de Suspensión ANSI C 52-9 | C4: C/U | D4: 3 | E4: 2
A5: AA1 | B5: =VLOOKUP(A5,tmat,2,FALSE) -> Alambre de Amarre N° 6 | C5: Pie | D5: 10 | E5: 10
A6: AR1 | B6: =VLOOKUP(A6,tmat,2,FALSE) -> Arandela Cuadrada 3/16" x 2-1/4" x 2-1/4", Ø=11/16" | C6: C/U | D6: 4 | E6: 4
A7: CC2 | B7: =VLOOKUP(A7,tmat,2,FALSE) -> Conector de Compresión YC 25A25 (1/0-1/0) | C7: C/U | D7: 1 | E7: 1
A8: EP2 | B8: =VLOOKUP(A8,tmat,2,FALSE) -> Espiga Punta de Poste tipo Recta, 34.5 KV, L=20" Rosca 1-3/8" | C8: C/U | D8: 1 | E8: 0
A9: EP1 | B9: =VLOOKUP(A9,tmat,2,FALSE) -> Espiga Punta de Poste tipo Recta, 13.8 KV, L=18" Rosca 1" | C9: C/U | D9: 0 | E9: 1
A10: GT4 | B10: =VLOOKUP(A10,tmat,2,FALSE) -> Grapa Terminal tipo Recto para Conductor (1/0 - 4/0) | C10: C/U | D10: 1 | E10: 1
A11: PM2 | B11: =VLOOKUP(A11,tmat,2,FALSE) -> Perno de Máquina de 5/8" x 10" | C11: C/U | D11: 2 | E11: 2
A12: PRC1 | B12: =VLOOKUP(A12,tmat,2,FALSE) -> Perno de Rosca Corrida 5/8" x 12" | C12: C/U | D12: 1 | E12: 1
A13: TO1 | B13: =VLOOKUP(A13,tmat,2,FALSE) -> Tuerca de Ojo de 5/8" | C13: C/U | D13: 1 | E13: 1
A14: VAP2 | B14: =VLOOKUP(A14,tmat,2,FALSE) -> Varilla de Armar Preformado para Cable ASCR # 1/0 AWG | C14: C/U | D14: 1 | E14: 1

Sheet A-I-7V
A1: COD. ENEE | B1: Materiales | C1: Unidad | D1: 34.5 | E1: 13.8
A2: AE1 | B2: =VLOOKUP(A2,tmat,2,FALSE) -> Aislador de Espiga ANSI C 55-4 | C2: C/U | D2: 0 | E2: 1
A3: AE2 | B3: =VLOOKUP(A3,tmat,2,FALSE) -> Aislador de Espiga ANSI C 56-3 | C3: C/U | D3: 1 | E3: 0
A4: AS2 | B4: =VLOOKUP(A4,tmat,2,FALSE) -> Aislador de Suspensión ANSI C 52-9 | C4: C/U | D4: 3 | E4: 2
A5: AA1 | B5: =VLOOKUP(A5,tmat,2,FALSE) -> Alambre de Amarre N° 6 | C5: Pie | D5: 10 | E5: 10
A6: AR1 | B6: =VLOOKUP(A6,tmat,2,FALSE) -> Arandela Cuadrada 3/16" x 2-1/4" x 2-1/4", Ø=11/16" | C6: C/U | D6: 5 | E6: 5
A7: CR3 | B7: =VLOOKUP(A7,tmat,2,FALSE) -> Crucete de Madera Curada de 4" x 5" x 96" /Voladizo | C7: C/U | D7: 1 | E7: 1
A8: EC1 | B8: =VLOOKUP(A8,tmat,2,FALSE) -> Espiga para Cruceta de Madera, L=6" Rosca 1", Φ = 3/4" | C8: C/U | D8: 0 | E8: 1
A9: EC2 | B9: =VLOOKUP(A9,tmat,2,FALSE) -> Espiga para Cruceta de Madera, L=8" Rosca 1-3/8", Φ = 3/4" | C9: C/U | D9: 1 | E9: 0
A10: CC2 | B10: =VLOOKUP(A10,tmat,2,FALSE) -> Conector de Compresión YC 25A25 (1/0-1/0) | C10: C/U | D10: 1 | E10: 1
A11: GT4 | B11: =VLOOKUP(A11,tmat,2,FALSE) -> Grapa Terminal tipo Recto para Conductor (1/0 - 4/0) | C11: C/U | D11: 1 | E11: 1
A12: PM1 | B12: =VLOOKUP(A12,tmat,2,FALSE) -> Perno de Máquina de 5/8" x 8" | C12: C/U | D12: 1 | E12: 1
A13: PM4 | B13: =VLOOKUP(A13,tmat,2,FALSE) -> Perno de Máquina de 5/8" x 14" | C13: C/U | D13: 1 | E13: 1
... A18: VAP2 | B18: =VLOOKUP(A18,tmat,2,FALSE) -> Varilla de Armar Preformado para Cable ASCR # 1/0 AWG | C18: C/U | D18: 1 | E18: 1

Sheet A-I-8
A1: COD. ENEE | B1: Materiales | C1: Unidad | D1: 34.5 | E1: 13.8
A2: AE1 | B2: =VLOOKUP(A2,tmat,2,FALSE) -> Aislador de Espiga ANSI C 55-4 | C2: C/U | D2: 0 | E2: 2
A3: AE2 | B3: =VLOOKUP(A3,tmat,2,FALSE) -> Aislador de Espiga ANSI C 56-3 | C3: C/U | D3: 2 | E3: 0
A4: AS2 | B4: =VLOOKUP(A4,tmat,2,FALSE) -> Aislador de Suspensión ANSI C 52-9 | C4: C/U | D4: 3 | E4: 2
A5: AA1 | B5: =VLOOKUP(A5,tmat,2,FALSE) -> Alambre de Amarre N° 6 | C5: Pie | D5: 10 | E5: 10
A6: AR1 | B6: =VLOOKUP(A6,tmat,2,FALSE) -> Arandela Cuadrada 3/16" x 2-1/4" x 2-1/4", Ø=11/16" | C6: C/U | D6: 2 | E6: 2
A7: CC2 | B7: =VLOOKUP(A7,tmat,2,FALSE) -> Conector de Compresión YC 25A25 (1/0-1/0) | C7: C/U | D7: 1 | E7: 1
A8: EPC | B8: =VLOOKUP(A8,tmat,2,FALSE) -> Espiga para Punta de Poste tipo Escuadra, 34.5 KV, L=21" Rosca 1-3/8" | C8: C/U | D8: 2 | E8: 0
A9: EP1 | B9: =VLOOKUP(A9,tmat,2,FALSE) -> Espiga Punta de Poste tipo Recta, 13.8 KV, L=18" Rosca 1" | C9: C/U | D9: 0 | E9: 2
A10: GT4 | B10: =VLOOKUP(A10,tmat,2,FALSE) -> Grapa Terminal tipo Recto para Conductor (1/0 - 4/0) | C10: C/U | D10: 1 | E10: 1
A11: PM3 | B11: =VLOOKUP(A11,tmat,2,FALSE) -> Perno de Máquina de 5/8" x 12" | C11: C/U | D11: 2 | E11: 2
A12: PRC1 | B12: =VLOOKUP(A12,tmat,2,FALSE) -> Perno de Rosca Corrida 5/8" x 12" | C12: C/U | D12: 1 | E12: 1
A13: TO1 | B13: =VLOOKUP(A13,tmat,2,FALSE) -> Tuerca de Ojo de 5/8" | C13: C/U | D13: 1 | E13: 1
A14: VAP2 | B14: =VLOOKUP(A14,tmat,2,FALSE) -> Varilla de Armar Preformado para Cable ASCR # 1/0 AWG | C14: C/U | D14: 1 | E14: 1

Sheet A-I-8V
A1: COD. ENEE | B1: Materiales | C1: Unidad | D1: 34.5 | E1: 13.8
A2: AE1 | B2: =VLOOKUP(A2,tmat,2,FALSE) -> Aislador de Espiga ANSI C 55-4 | C2: C/U | D2: 0 | E2: 2
A3: AE2 | B3: =VLOOKUP(A3,tmat,2,FALSE) -> Aislador de Espiga ANSI C 56-3 | C3: C/U | D3: 2 | E3: 0
A4: AS2 | B4: =VLOOKUP(A4,tmat,2,FALSE) -> Aislador de Suspensión ANSI C 52-9 | C4: C/U | D4: 3 | E4: 2
A5: AA1 | B5: =VLOOKUP(A5,tmat,2,FALSE) -> Alambre de Amarre N° 6 | C5: Pie | D5: 10 | E5: 10
A6: AR1 | B6: =VLOOKUP(A6,tmat,2,FALSE) -> Arandela Cuadrada 3/16" x 2-1/4" x 2-1/4", Ø=11/16" | C6: C/U | D6: 14 | E6: 14
A7: CC2 | B7: =VLOOKUP(A7,tmat,2,FALSE) -> Conector de Compresión YC 25A25 (1/0-1/0) | C7: C/U | D7: 1 | E7: 1
A8: CR3 | B8: =VLOOKUP(A8,tmat,2,FALSE) -> Crucete de Madera Curada de 4" x 5" x 96" /Voladizo | C8: C/U | D8: 2 | E8: 2
A9: EC1 | B9: =VLOOKUP(A9,tmat,2,FALSE) -> Espiga para Cruceta de Madera, L=6" Rosca 1", Φ = 3/4" | C9: C/U | D9: 0 | E9: 2
A10: EC2 | B10: =VLOOKUP(A10,tmat,2,FALSE) -> Espiga para Cruceta de Madera, L=8" Rosca 1-3/8", Φ = 3/4" | C10: C/U | D10: 2 | E10: 0
A11: GT4 | B11: =VLOOKUP(A11,tmat,2,FALSE) -> Grapa Terminal tipo Recto para Conductor (1/0 - 4/0) | C11: C/U | D11: 1 | E11: 1
A12: PLE | B12: =VLOOKUP(A12,tmat,2,FALSE) -> Pletina Espaciadora para Crucete Madera 1/2" x 4" x 24" | C12: C/U | D12: 2 | E12: 0
A13: PM1 | B13: =VLOOKUP(A13,tmat,2,FALSE) -> Perno de Máquina de 5/8" x 8" | C13: C/U | D13: 4 | E13: 4
... A19: VAP2 | B19: =VLOOKUP(A19,tmat,2,FALSE) -> Varilla de Armar Preformado para Cable ASCR # 1/0 AWG | C19: C/U | D19: 1 | E19: 1

Sheet A-I-9
A1: COD. ENEE | B1: Materiales | C1: Unidad | D1: 34.5 | E1: 13.8
A2: AE1 | B2: =VLOOKUP(A2,tmat,2,FALSE) -> Aislador de Espiga ANSI C 55-4 | C2: C/U | D2: 0 | E2: 1
A3: AE2 | B3: =VLOOKUP(A3,tmat,2,FALSE) -> Aislador de Espiga ANSI C 56-3 | C3: C/U | D3: 1 | E3: 0
A4: AS2 | B4: =VLOOKUP(A4,tmat,2,FALSE) -> Aislador de Suspensión ANSI C 52-9 | C4: C/U | D4: 9 | E4: 6
A5: AA1 | B5: =VLOOKUP(A5,tmat,2,FALSE) -> Alambre de Amarre N° 6 | C5: Pie | D5: 5 | E5: 5
A6: AR1 | B6: =VLOOKUP(A6,tmat,2,FALSE) -> Arandela Cuadrada 3/16" x 2-1/4" x 2-1/4", Ø=11/16" | C6: C/U | D6: 6 | E6: 6
A7: CC2 | B7: =VLOOKUP(A7,tmat,2,FALSE) -> Conector de Compresión YC 25A25 (1/0-1/0) | C7: C/U | D7: 2 | E7: 2
A8: EP2 | B8: =VLOOKUP(A8,tmat,2,FALSE) -> Espiga Punta de Poste tipo Recta, 34.5 KV, L=20" Rosca 1-3/8" | C8: C/U | D8: 1 | E8: 0
A9: EP1 | B9: =VLOOKUP(A9,tmat,2,FALSE) -> Espiga Punta de Poste tipo Recta, 13.8 KV, L=18" Rosca 1" | C9: C/U | D9: 0 | E9: 1
A10: GT4 | B10: =VLOOKUP(A10,tmat,2,FALSE) -> Grapa Terminal tipo Recto para Conductor (1/0 - 4/0) | C10: C/U | D10: 3 | E10: 3
A11: PM2 | B11: =VLOOKUP(A11,tmat,2,FALSE) -> Perno de Máquina de 5/8" x 10" | C11: C/U | D11: 2 | E11: 2
A12: PRC1 | B12: =VLOOKUP(A12,tmat,2,FALSE) -> Perno de Rosca Corrida 5/8" x 12" | C12: C/U | D12: 2 | E12: 2
A13: TO1 | B13: =VLOOKUP(A13,tmat,2,FALSE) -> Tuerca de Ojo de 5/8" | C13: C/U | D13: 3 | E13: 3

Sheet A-I-9V
A1: COD. ENEE | B1: Materiales | C1: Unidad | D1: 34.5 | E1: 13.8
A2: AE1 | B2: =VLOOKUP(A2,tmat,2,FALSE) -> Aislador de Espiga ANSI C 55-4 | C2: C/U | D2: 0 | E2: 1
A3: AE2 | B3: =VLOOKUP(A3,tmat,2,FALSE) -> Aislador de Espiga ANSI C 56-3 | C3: C/U | D3: 1 | E3: 0
A4: AS2 | B4: =VLOOKUP(A4,tmat,2,FALSE) -> Aislador de Suspensión ANSI C 52-9 | C4: C/U | D4: 9 | E4: 6
A5: AA1 | B5: =VLOOKUP(A5,tmat,2,FALSE) -> Alambre de Amarre N° 6 | C5: Pie | D5: 5 | E5: 5
A6: AR1 | B6: =VLOOKUP(A6,tmat,2,FALSE) -> Arandela Cuadrada 3/16" x 2-1/4" x 2-1/4", Ø=11/16" | C6: C/U | D6: 14 | E6: 14
A7: CC2 | B7: =VLOOKUP(A7,tmat,2,FALSE) -> Conector de Compresión YC 25A25 (1/0-1/0) | C7: C/U | D7: 2 | E7: 2
A8: CR3 | B8: =VLOOKUP(A8,tmat,2,FALSE) -> Crucete de Madera Curada de 4" x 5" x 96" /Voladizo | C8: C/U | D8: 2 | E8: 2
A9: EC1 | B9: =VLOOKUP(A9,tmat,2,FALSE) -> Espiga para Cruceta de Madera, L=6" Rosca 1", Φ = 3/4" | C9: C/U | D9: 0 | E9: 1
A10: EC2 | B10: =VLOOKUP(A10,tmat,2,FALSE) -> Espiga para Cruceta de Madera, L=8" Rosca 1-3/8", Φ = 3/4" | C10: C/U | D10: 1 | E10: 0
A11: GT4 | B11: =VLOOKUP(A11,tmat,2,FALSE) -> Grapa Terminal tipo Recto para Conductor (1/0 - 4/0) | C11: C/U | D11: 3 | E11: 3
A12: PM1 | B12: =VLOOKUP(A12,tmat,2,FALSE) -> Perno de Máquina de 5/8" x 8" | C12: C/U | D12: 2 | E12: 2
A13: PRC1 | B13: =VLOOKUP(A13,tmat,2,FALSE) -> Perno de Rosca Corrida 5/8" x 12" | C13: C/U | D13: 1 | E13: 1
... A17: TO1 | B17: =VLOOKUP(A17,tmat,2,FALSE) -> Tuerca de Ojo de 5/8" | C17: C/U | D17: 3 | E17: 3

Sheet A-II-1
A1: COD. ENEE | B1: Materiales | C1: Unidad | D1: 34.5 | E1: 13.8
A2: PC | B2: =VLOOKUP(A2,tmat,2,FALSE) -> Perno de Carroceria 3/8" x 5" | C2: C/U | D2: 2 | E2: 2
A3: CR2 | B3: =VLOOKUP(A3,tmat,2,FALSE) -> Crucete de Madera Curada de 4" x 5" x 96" | C3: C/U | D3: 1 | E3: 1
A4: TP | B4: =VLOOKUP(A4,tmat,2,FALSE) -> Tirante de Pletina de 1/4" x 1-1/4" x 30" | C4: C/U | D4: 2 | E4: 2
A5: PM10 | B5: =VLOOKUP(A5,tmat,2,FALSE) -> Perno de Máquina de 1/2" x 10" | C5: C/U | D5: 1 | E5: 1
A6: AA1 | B6: =VLOOKUP(A6,tmat,2,FALSE) -> Alambre de Amarre N° 6 | C6: Pie | D6: 2 | E6: 2
A7: AE2 | B7: =VLOOKUP(A7,tmat,2,FALSE) -> Aislador de Espiga ANSI C 56-3 | C7: C/U | D7: 2 | E7: 0
A8: AE1 | B8: =VLOOKUP(A8,tmat,2,FALSE) -> Aislador de Espiga ANSI C 55-4 | C8: C/U | D8: 0 | E8: 2
A9: VAP2 | B9: =VLOOKUP(A9,tmat,2,FALSE) -> Varilla de Armar Preformado para Cable ASCR # 1/0 AWG | C9: C/U | D9: 2 | E9: 2
A10: AR1 | B10: =VLOOKUP(A10,tmat,2,FALSE) -> Arandela Cuadrada 3/16" x 2-1/4" x 2-1/4", Ø=11/16" | C10: C/U | D10: 2 | E10: 2
A11: EC1 | B11: =VLOOKUP(A11,tmat,2,FALSE) -> Espiga para Cruceta de Madera, L=6" Rosca 1", Φ = 3/4" | C11: C/U | D11: 2 | E11: 0
A12: EC2 | B12: =VLOOKUP(A12,tmat,2,FALSE) -> Espiga para Cruceta de Madera, L=8" Rosca 1-3/8", Φ = 3/4" | C12: C/U | D12: 0 | E12: 2
A13: PM4 | B13: =VLOOKUP(A13,tmat,2,FALSE) -> Perno de Máquina de 5/8" x 14" | C13: C/U | D13: 1 | E13: 1

Sheet A-II-1V
A1: COD. ENEE | B1: Materiales | C1: Unidad | D1: 34.5 | E1: 13.8
A2: AR1 | B2: =VLOOKUP(A2,tmat,2,FALSE) -> Arandela Cuadrada 3/16" x 2-1/4" x 2-1/4", Ø=11/16" | C2: C/U | D2: 3 | E2: 3
A3: AA1 | B3: =VLOOKUP(A3,tmat,2,FALSE) -> Alambre de Amarre N° 6 | C3: Pie | D3: 20 | E3: 20
A4: AE2 | B4: =VLOOKUP(A4,tmat,2,FALSE) -> Aislador de Espiga ANSI C 56-3 | C4: C/U | D4: 2 | E4: 0
A5: AE1 | B5: =VLOOKUP(A5,tmat,2,FALSE) -> Aislador de Espiga ANSI C 55-4 | C5: C/U | D5: 0 | E5: 2
A6: VAP2 | B6: =VLOOKUP(A6,tmat,2,FALSE) -> Varilla de Armar Preformado para Cable ASCR # 1/0 AWG | C6: C/U | D6: 2 | E6: 2
A7: PM1 | B7: =VLOOKUP(A7,tmat,2,FALSE) -> Perno de Máquina de 5/8" x 8" | C7: C/U | D7: 1 | E7: 1
A8: PM4 | B8: =VLOOKUP(A8,tmat,2,FALSE) -> Perno de Máquina de 5/8" x 14" | C8: C/U | D8: 1 | E8: 1
A9: CR3 | B9: =VLOOKUP(A9,tmat,2,FALSE) -> Crucete de Madera Curada de 4" x 5" x 96" /Voladizo | C9: C/U | D9: 1 | E9: 1
A10: PAN1 | B10: =VLOOKUP(A10,tmat,2,FALSE) -> Puntal Angular de 60", 1-3/4" x 1-3/4" x 3/16" | C10: C/U | D10: 1 | E10: 1
A11: PM10 | B11: =VLOOKUP(A11,tmat,2,FALSE) -> Perno de Máquina de 1/2" x 10" | C11: C/U | D11: 1 | E11: 1
A12: EC1 | B12: =VLOOKUP(A12,tmat,2,FALSE) -> Espiga para Cruceta de Madera, L=6" Rosca 1", Φ = 3/4" | C12: C/U | D12: 2 | E12: 0
A13: EC2 | B13: =VLOOKUP(A13,tmat,2,FALSE) -> Espiga para Cruceta de Madera, L=8" Rosca 1-3/8", Φ = 3/4" | C13: C/U | D13: 0 | E13: 2

Sheet A-II-2
A1: COD. ENEE | B1: Materiales | C1: Unidad | D1: 34.5 | E1: 13.8
A2: AR1 | B2: =VLOOKUP(A2,tmat,2,FALSE) -> Arandela Cuadrada 3/16" x 2-1/4" x 2-1/4", Ø=11/16" | C2: C/U | D2: 4 | E2: 4
A3: PC | B3: =VLOOKUP(A3,tmat,2,FALSE) -> Perno de Carroceria 3/8" x 5" | C3: C/U | D3: 4 | E3: 4
A4: CR2 | B4: =VLOOKUP(A4,tmat,2,FALSE) -> Crucete de Madera Curada de 4" x 5" x 96" | C4: C/U | D4: 2 | E4: 2
A5: TP | B5: =VLOOKUP(A5,tmat,2,FALSE) -> Tirante de Pletina de 1/4" x 1-1/4" x 30" | C5: C/U | D5: 4 | E5: 4
A6: PM10 | B6: =VLOOKUP(A6,tmat,2,FALSE) -> Perno de Máquina de 1/2" x 10" | C6: C/U | D6: 2 | E6: 2
A7: AA1 | B7: =VLOOKUP(A7,tmat,2,FALSE) -> Alambre de Amarre N° 6 | C7: Pie | D7: 20 | E7: 20
A8: VAP2 | B8: =VLOOKUP(A8,tmat,2,FALSE) -> Varilla de Armar Preformado para Cable ASCR # 1/0 AWG | C8: C/U | D8: 2 | E8: 2
A9: PM10 | B9: =VLOOKUP(A9,tmat,2,FALSE) -> Perno de Máquina de 1/2" x 10" | C9: C/U | D9: 4 | E9: 0
A10: EC1 | B10: =VLOOKUP(A10,tmat,2,FALSE) -> Espiga para Cruceta de Madera, L=6" Rosca 1", Φ = 3/4" | C10: C/U | D10: 4 | E10: 0
A11: EC2 | B11: =VLOOKUP(A11,tmat,2,FALSE) -> Espiga para Cruceta de Madera, L=8" Rosca 1-3/8", Φ = 3/4" | C11: C/U | D11: 0 | E11: 4
A12: PLE | B12: =VLOOKUP(A12,tmat,2,FALSE) -> Pletina Espaciadora para Crucete Madera 1/2" x 4" x 24" | C12: C/U | D12: 3 | E12: 3
A13: PRC5 | B13: =VLOOKUP(A13,tmat,2,FALSE) -> Perno de Rosca Corrida 5/8" x 20" | C13: C/U | D13: 3 | E13: 3
... A15: AE1 | B15: =VLOOKUP(A15,tmat,2,FALSE) -> Aislador de Espiga ANSI C 55-4 | C15: C/U | D15: 0 | E15: 4

Sheet A-II-2V
A1: COD. ENEE | B1: Materiales | C1: Unidad | D1: 34.5 | E1: 13.8
A2: AA1 | B2: =VLOOKUP(A2,tmat,2,FALSE) -> Alambre de Amarre N° 6 | C2: Pie | D2: 2 | E2: 2
A3: AE2 | B3: =VLOOKUP(A3,tmat,2,FALSE) -> Aislador de Espiga ANSI C 56-3 | C3: C/U | D3: 4 | E3: 0
A4: AE1 | B4: =VLOOKUP(A4,tmat,2,FALSE) -> Aislador de Espiga ANSI C 55-4 | C4: C/U | D4: 0 | E4: 4
A5: VAP2 | B5: =VLOOKUP(A5,tmat,2,FALSE) -> Varilla de Armar Preformado para Cable ASCR # 1/0 AWG | C5: C/U | D5: 2 | E5: 2
A6: AR1 | B6: =VLOOKUP(A6,tmat,2,FALSE) -> Arandela Cuadrada 3/16" x 2-1/4" x 2-1/4", Ø=11/16" | C6: C/U | D6: 12 | E6: 12
A7: PM1 | B7: =VLOOKUP(A7,tmat,2,FALSE) -> Perno de Máquina de 5/8" x 8" | C7: C/U | D7: 2 | E7: 2
A8: PAN1 | B8: =VLOOKUP(A8,tmat,2,FALSE) -> Puntal Angular de 60", 1-3/4" x 1-3/4" x 3/16" | C8: C/U | D8: 2 | E8: 2
A9: EC1 | B9: =VLOOKUP(A9,tmat,2,FALSE) -> Espiga para Cruceta de Madera, L=6" Rosca 1", Φ = 3/4" | C9: C/U | D9: 4 | E9: 0
A10: EC2 | B10: =VLOOKUP(A10,tmat,2,FALSE) -> Espiga para Cruceta de Madera, L=8" Rosca 1-3/8", Φ = 3/4" | C10: C/U | D10: 0 | E10: 4
A11: PLE | B11: =VLOOKUP(A11,tmat,2,FALSE) -> Pletina Espaciadora para Crucete Madera 1/2" x 4" x 24" | C11: C/U | D11: 2 | E11: 2
A12: CR3 | B12: =VLOOKUP(A12,tmat,2,FALSE) -> Crucete de Madera Curada de 4" x 5" x 96" /Voladizo | C12: C/U | D12: 2 | E12: 2
A13: PM10 | B13: =VLOOKUP(A13,tmat,2,FALSE) -> Perno de Máquina de 1/2" x 10" | C13: C/U | D13: 2 | E13: 2
A14: PRC5 | B14: =VLOOKUP(A14,tmat,2,FALSE) -> Perno de Rosca Corrida 5/8" x 20" | C14: C/U | D14: 3 | E14: 3

Sheet A-II-3
A1: COD. ENEE | B1: Materiales | C1: Unidad | D1: 34.5 | E1: 13.8
A2: AS2 | B2: =VLOOKUP(A2,tmat,2,FALSE) -> Aislador de Suspensión ANSI C 52-9 | C2: C/U | D2: 6 | E2: 4
A3: AR1 | B3: =VLOOKUP(A3,tmat,2,FALSE) -> Arandela Cuadrada 3/16" x 2-1/4" x 2-1/4", Ø=11/16" | C3: C/U | D3: 2 | E3: 2
A4: PRC1 | B4: =VLOOKUP(A4,tmat,2,FALSE) -> Perno de Rosca Corrida 5/8" x 12" | C4: C/U | D4: 2 | E4: 2
A5: GS1 | B5: =VLOOKUP(A5,tmat,2,FALSE) -> Grapa de Suspensión para Conductor (1/0- 477) | C5: C/U | D5: 2 | E5: 2
A6: VAP2 | B6: =VLOOKUP(A6,tmat,2,FALSE) -> Varilla de Armar Preformado para Cable ASCR # 1/0 AWG | C6: C/U | D6: 2 | E6: 2
A7: TO1 | B7: =VLOOKUP(A7,tmat,2,FALSE) -> Tuerca de Ojo de 5/8" | C7: C/U | D7: 2 | E7: 2

Sheet A-II-4
A1: COD. ENEE | B1: Materiales | C1: Unidad | D1: 34.5 | E1: 13.8
A2: AR1 | B2: =VLOOKUP(A2,tmat,2,FALSE) -> Arandela Cuadrada 3/16" x 2-1/4" x 2-1/4", Ø=11/16" | C2: C/U | D2: 10 | E2: 10
A3: PC | B3: =VLOOKUP(A3,tmat,2,FALSE) -> Perno de Carroceria 3/8" x 5" | C3: C/U | D3: 4 | E3: 4
A4: AS2 | B4: =VLOOKUP(A4,tmat,2,FALSE) -> Aislador de Suspensión ANSI C 52-9 | C4: C/U | D4: 6 | E4: 4
A5: CR2 | B5: =VLOOKUP(A5,tmat,2,FALSE) -> Crucete de Madera Curada de 4" x 5" x 96" | C5: C/U | D5: 2 | E5: 2
A6: GT4 | B6: =VLOOKUP(A6,tmat,2,FALSE) -> Grapa Terminal tipo Recto para Conductor (1/0 - 4/0) | C6: C/U | D6: 2 | E6: 2
A7: TP | B7: =VLOOKUP(A7,tmat,2,FALSE) -> Tirante de Pletina de 1/4" x 1-1/4" x 30" | C7: C/U | D7: 4 | E7: 4
A8: PM10 | B8: =VLOOKUP(A8,tmat,2,FALSE) -> Perno de Máquina de 1/2" x 10" | C8: C/U | D8: 2 | E8: 2
A9: PRC5 | B9: =VLOOKUP(A9,tmat,2,FALSE) -> Perno de Rosca Corrida 5/8" x 20" | C9: C/U | D9: 3 | E9: 3
A10: TO1 | B10: =VLOOKUP(A10,tmat,2,FALSE) -> Tuerca de Ojo de 5/8" | C10: C/U | D10: 2 | E10: 2

Sheet A-II-4A
A1: COD. ENEE | B1: Materiales | C1: Unidad | D1: 34.5 | E1: 13.8
A2: AS2 | B2: =VLOOKUP(A2,tmat,2,FALSE) -> Aislador de Suspensión ANSI C 52-9 | C2: C/U | D2: 6 | E2: 4
A3: AA1 | B3: =VLOOKUP(A3,tmat,2,FALSE) -> Alambre de Amarre N° 6 | C3: Pie | D3: 10 | E3: 10
A4: EC1 | B4: =VLOOKUP(A4,tmat,2,FALSE) -> Espiga para Cruceta de Madera, L=6" Rosca 1", Φ = 3/4" | C4: C/U | D4: 2 | E4: 0
A5: EC2 | B5: =VLOOKUP(A5,tmat,2,FALSE) -> Espiga para Cruceta de Madera, L=8" Rosca 1-3/8", Φ = 3/4" | C5: C/U | D5: 0 | E5: 2
A6: GT4 | B6: =VLOOKUP(A6,tmat,2,FALSE) -> Grapa Terminal tipo Recto para Conductor (1/0 - 4/0) | C6: C/U | D6: 2 | E6: 2
A7: TO1 | B7: =VLOOKUP(A7,tmat,2,FALSE) -> Tuerca de Ojo de 5/8" | C7: C/U | D7: 2 | E7: 2
A8: AE2 | B8: =VLOOKUP(A8,tmat,2,FALSE) -> Aislador de Espiga ANSI C 56-3 | C8: C/U | D8: 2 | E8: 0
A9: AE1 | B9: =VLOOKUP(A9,tmat,2,FALSE) -> Aislador de Espiga ANSI C 55-4 | C9: C/U | D9: 0 | E9: 2
A10: CC2 | B10: =VLOOKUP(A10,tmat,2,FALSE) -> Conector de Compresión YC 25A25 (1/0-1/0) | C10: C/U | D10: 2 | E10: 2

Sheet A-II-4D
A1: COD. ENEE | B1: Materiales | C1: Unidad | D1: 34.5 | E1: 13.8
A2: AR1 | B2: =VLOOKUP(A2,tmat,2,FALSE) -> Arandela Cuadrada 3/16" x 2-1/4" x 2-1/4", Ø=11/16" | C2: C/U | D2: 10 | E2: 10
A3: PC | B3: =VLOOKUP(A3,tmat,2,FALSE) -> Perno de Carroceria 3/8" x 5" | C3: C/U | D3: 4 | E3: 4
A4: AS2 | B4: =VLOOKUP(A4,tmat,2,FALSE) -> Aislador de Suspensión ANSI C 52-9 | C4: C/U | D4: 6 | E4: 4
A5: CR2 | B5: =VLOOKUP(A5,tmat,2,FALSE) -> Crucete de Madera Curada de 4" x 5" x 96" | C5: C/U | D5: 2 | E5: 2
A6: TP | B6: =VLOOKUP(A6,tmat,2,FALSE) -> Tirante de Pletina de 1/4" x 1-1/4" x 30" | C6: C/U | D6: 4 | E6: 4
A7: PM10 | B7: =VLOOKUP(A7,tmat,2,FALSE) -> Perno de Máquina de 1/2" x 10" | C7: C/U | D7: 2 | E7: 2
A8: TO1 | B8: =VLOOKUP(A8,tmat,2,FALSE) -> Tuerca de Ojo de 5/8" | C8: C/U | D8: 2 | E8: 2
A9: AA1 | B9: =VLOOKUP(A9,tmat,2,FALSE) -> Alambre de Amarre N° 6 | C9: Pie | D9: 10 | E9: 10
A10: EC1 | B10: =VLOOKUP(A10,tmat,2,FALSE) -> Espiga para Cruceta de Madera, L=6" Rosca 1", Φ = 3/4" | C10: C/U | D10: 2 | E10: 0
A11: EC2 | B11: =VLOOKUP(A11,tmat,2,FALSE) -> Espiga para Cruceta de Madera, L=8" Rosca 1-3/8", Φ = 3/4" | C11: C/U | D11: 0 | E11: 2
A12: PRC5 | B12: =VLOOKUP(A12,tmat,2,FALSE) -> Perno de Rosca Corrida 5/8" x 20" | C12: C/U | D12: 3 | E12: 3
A13: GT4 | B13: =VLOOKUP(A13,tmat,2,FALSE) -> Grapa Terminal tipo Recto para Conductor (1/0 - 4/0) | C13: C/U | D13: 2 | E13: 2
... A16: CC2 | B16: =VLOOKUP(A16,tmat,2,FALSE) -> Conector de Compresión YC 25A25 (1/0-1/0) | C16: C/U | D16: 2 | E16: 2

Sheet A-II-4E
A1: COD. ENEE | B1: Materiales | C1: Unidad | D1: 34.5 | E1: 13.8
A2: AR1 | B2: =VLOOKUP(A2,tmat,2,FALSE) -> Arandela Cuadrada 3/16" x 2-1/4" x 2-1/4", Ø=11/16" | C2: C/U | D2: 10 | E2: 10
A3: PC | B3: =VLOOKUP(A3,tmat,2,FALSE) -> Perno de Carroceria 3/8" x 5" | C3: C/U | D3: 4 | E3: 4
A4: AS2 | B4: =VLOOKUP(A4,tmat,2,FALSE) -> Aislador de Suspensión ANSI C 52-9 | C4: C/U | D4: 6 | E4: 4
A5: CR2 | B5: =VLOOKUP(A5,tmat,2,FALSE) -> Crucete de Madera Curada de 4" x 5" x 96" | C5: C/U | D5: 2 | E5: 2
A6: TP | B6: =VLOOKUP(A6,tmat,2,FALSE) -> Tirante de Pletina de 1/4" x 1-1/4" x 30" | C6: C/U | D6: 4 | E6: 4
A7: PM10 | B7: =VLOOKUP(A7,tmat,2,FALSE) -> Perno de Máquina de 1/2" x 10" | C7: C/U | D7: 2 | E7: 2
A8: TO1 | B8: =VLOOKUP(A8,tmat,2,FALSE) -> Tuerca de Ojo de 5/8" | C8: C/U | D8: 2 | E8: 2
A9: AA1 | B9: =VLOOKUP(A9,tmat,2,FALSE) -> Alambre de Amarre N° 6 | C9: Pie | D9: 5 | E9: 5
A10: EC1 | B10: =VLOOKUP(A10,tmat,2,FALSE) -> Espiga para Cruceta de Madera, L=6" Rosca 1", Φ = 3/4" | C10: C/U | D10: 1 | E10: 0
A11: EC2 | B11: =VLOOKUP(A11,tmat,2,FALSE) -> Espiga para Cruceta de Madera, L=8" Rosca 1-3/8", Φ = 3/4" | C11: C/U | D11: 0 | E11: 1
A12: PRC5 | B12: =VLOOKUP(A12,tmat,2,FALSE) -> Perno de Rosca Corrida 5/8" x 20" | C12: C/U | D12: 3 | E12: 3
A13: GT4 | B13: =VLOOKUP(A13,tmat,2,FALSE) -> Grapa Terminal tipo Recto para Conductor (1/0 - 4/0) | C13: C/U | D13: 2 | E13: 2
... A16: CC2 | B16: =VLOOKUP(A16,tmat,2,FALSE) -> Conector de Compresión YC 25A25 (1/0-1/0) | C16: C/U | D16: 2 | E16: 2

Sheet A-II-4V
A1: COD. ENEE | B1: Materiales | C1: Unidad | D1: 34.5 | E1: 13.8
A2: AR1 | B2: =VLOOKUP(A2,tmat,2,FALSE) -> Arandela Cuadrada 3/16" x 2-1/4" x 2-1/4", Ø=11/16" | C2: C/U | D2: 12 | E2: 12
A3: AS2 | B3: =VLOOKUP(A3,tmat,2,FALSE) -> Aislador de Suspensión ANSI C 52-9 | C3: C/U | D3: 6 | E3: 4
A4: GT4 | B4: =VLOOKUP(A4,tmat,2,FALSE) -> Grapa Terminal tipo Recto para Conductor (1/0 - 4/0) | C4: C/U | D4: 2 | E4: 2
A5: TO1 | B5: =VLOOKUP(A5,tmat,2,FALSE) -> Tuerca de Ojo de 5/8" | C5: C/U | D5: 2 | E5: 2
A6: PM1 | B6: =VLOOKUP(A6,tmat,2,FALSE) -> Perno de Máquina de 5/8" x 8" | C6: C/U | D6: 2 | E6: 2
A7: PAN1 | B7: =VLOOKUP(A7,tmat,2,FALSE) -> Puntal Angular de 60", 1-3/4" x 1-3/4" x 3/16" | C7: C/U | D7: 2 | E7: 2
A8: CR3 | B8: =VLOOKUP(A8,tmat,2,FALSE) -> Crucete de Madera Curada de 4" x 5" x 96" /Voladizo | C8: C/U | D8: 2 | E8: 2
A9: PM10 | B9: =VLOOKUP(A9,tmat,2,FALSE) -> Perno de Máquina de 1/2" x 10" | C9: C/U | D9: 2 | E9: 2
A10: PRC5 | B10: =VLOOKUP(A10,tmat,2,FALSE) -> Perno de Rosca Corrida 5/8" x 20" | C10: C/U | D10: 3 | E10: 3

Sheet A-II-5
A1: COD. ENEE | B1: Materiales | C1: Unidad | D1: 34.5 | E1: 13.8
A2: AR1 | B2: =VLOOKUP(A2,tmat,2,FALSE) -> Arandela Cuadrada 3/16" x 2-1/4" x 2-1/4", Ø=11/16" | C2: C/U | D2: 4 | E2: 4
A3: PC | B3: =VLOOKUP(A3,tmat,2,FALSE) -> Perno de Carroceria 3/8" x 5" | C3: C/U | D3: 4 | E3: 4
A4: AS2 | B4: =VLOOKUP(A4,tmat,2,FALSE) -> Aislador de Suspensión ANSI C 52-9 | C4: C/U | D4: 8 | E4: 8
A5: CR2 | B5: =VLOOKUP(A5,tmat,2,FALSE) -> Crucete de Madera Curada de 4" x 5" x 96" | C5: C/U | D5: 2 | E5: 2
A6: TP | B6: =VLOOKUP(A6,tmat,2,FALSE) -> Tirante de Pletina de 1/4" x 1-1/4" x 30" | C6: C/U | D6: 4 | E6: 4
A7: PM10 | B7: =VLOOKUP(A7,tmat,2,FALSE) -> Perno de Máquina de 1/2" x 10" | C7: C/U | D7: 2 | E7: 2
A8: TO1 | B8: =VLOOKUP(A8,tmat,2,FALSE) -> Tuerca de Ojo de 5/8" | C8: C/U | D8: 4 | E8: 4
A9: AA1 | B9: =VLOOKUP(A9,tmat,2,FALSE) -> Alambre de Amarre N° 6 | C9: Pie | D9: 20 | E9: 20
A10: EC1 | B10: =VLOOKUP(A10,tmat,2,FALSE) -> Espiga para Cruceta de Madera, L=6" Rosca 1", Φ = 3/4" | C10: C/U | D10: 2 | E10: 0
A11: EC2 | B11: =VLOOKUP(A11,tmat,2,FALSE) -> Espiga para Cruceta de Madera, L=8" Rosca 1-3/8", Φ = 3/4" | C11: C/U | D11: 0 | E11: 2
A12: PRC5 | B12: =VLOOKUP(A12,tmat,2,FALSE) -> Perno de Rosca Corrida 5/8" x 20" | C12: C/U | D12: 3 | E12: 3
A13: GT4 | B13: =VLOOKUP(A13,tmat,2,FALSE) -> Grapa Terminal tipo Recto para Conductor (1/0 - 4/0) | C13: C/U | D13: 4 | E13: 4
... A16: CC2 | B16: =VLOOKUP(A16,tmat,2,FALSE) -> Conector de Compresión YC 25A25 (1/0-1/0) | C16: C/U | D16: 2 | E16: 2

Sheet A-II-5V
A1: COD. ENEE | B1: Materiales | C1: Unidad | D1: 34.5 | E1: 13.8
A2: AR1 | B2: =VLOOKUP(A2,tmat,2,FALSE) -> Arandela Cuadrada 3/16" x 2-1/4" x 2-1/4", Ø=11/16" | C2: C/U | D2: 2 | E2: 2
A3: AS2 | B3: =VLOOKUP(A3,tmat,2,FALSE) -> Aislador de Suspensión ANSI C 52-9 | C3: C/U | D3: 12 | E3: 8
A4: GT4 | B4: =VLOOKUP(A4,tmat,2,FALSE) -> Grapa Terminal tipo Recto para Conductor (1/0 - 4/0) | C4: C/U | D4: 4 | E4: 4
A5: AA1 | B5: =VLOOKUP(A5,tmat,2,FALSE) -> Alambre de Amarre N° 6 | C5: Pie | D5: 10 | E5: 10
A6: AE2 | B6: =VLOOKUP(A6,tmat,2,FALSE) -> Aislador de Espiga ANSI C 56-3 | C6: C/U | D6: 2 | E6: 0
A7: AE1 | B7: =VLOOKUP(A7,tmat,2,FALSE) -> Aislador de Espiga ANSI C 55-4 | C7: C/U | D7: 0 | E7: 2
A8: PM1 | B8: =VLOOKUP(A8,tmat,2,FALSE) -> Perno de Máquina de 5/8" x 8" | C8: C/U | D8: 2 | E8: 2
A9: PAN1 | B9: =VLOOKUP(A9,tmat,2,FALSE) -> Puntal Angular de 60", 1-3/4" x 1-3/4" x 3/16" | C9: C/U | D9: 2 | E9: 2
A10: CR3 | B10: =VLOOKUP(A10,tmat,2,FALSE) -> Crucete de Madera Curada de 4" x 5" x 96" /Voladizo | C10: C/U | D10: 2 | E10: 2
A11: PM10 | B11: =VLOOKUP(A11,tmat,2,FALSE) -> Perno de Máquina de 1/2" x 10" | C11: C/U | D11: 2 | E11: 2
A12: TO1 | B12: =VLOOKUP(A12,tmat,2,FALSE) -> Tuerca de Ojo de 5/8" | C12: C/U | D12: 4 | E12: 4
A13: CC2 | B13: =VLOOKUP(A13,tmat,2,FALSE) -> Conector de Compresión YC 25A25 (1/0-1/0) | C13: C/U | D13: 2 | E13: 2
... A16: PRC5 | B16: =VLOOKUP(A16,tmat,2,FALSE) -> Perno de Rosca Corrida 5/8" x 20" | C16: C/U | D16: 2 | E16: 2

Sheet A-II-6
A1: COD. ENEE | B1: Materiales | C1: Unidad | D1: 34.5 | E1: 13.8
A2: AR1 | B2: =VLOOKUP(A2,tmat,2,FALSE) -> Arandela Cuadrada 3/16" x 2-1/4" x 2-1/4", Ø=11/16" | C2: C/U | D2: 20 | E2: 8
A3: PC | B3: =VLOOKUP(A3,tmat,2,FALSE) -> Perno de Carroceria 3/8" x 5" | C3: C/U | D3: 8 | E3: 8
A4: AS2 | B4: =VLOOKUP(A4,tmat,2,FALSE) -> Aislador de Suspensión ANSI C 52-9 | C4: C/U | D4: 12 | E4: 8
A5: CR2 | B5: =VLOOKUP(A5,tmat,2,FALSE) -> Crucete de Madera Curada de 4" x 5" x 96" | C5: C/U | D5: 4 | E5: 4
A6: TP | B6: =VLOOKUP(A6,tmat,2,FALSE) -> Tirante de Pletina de 1/4" x 1-1/4" x 30" | C6: C/U | D6: 8 | E6: 8
A7: PM10 | B7: =VLOOKUP(A7,tmat,2,FALSE) -> Perno de Máquina de 1/2" x 10" | C7: C/U | D7: 4 | E7: 4
A8: TO1 | B8: =VLOOKUP(A8,tmat,2,FALSE) -> Tuerca de Ojo de 5/8" | C8: C/U | D8: 4 | E8: 4
A9: AA1 | B9: =VLOOKUP(A9,tmat,2,FALSE) -> Alambre de Amarre N° 6 | C9: Pie | D9: 10 | E9: 20
A10: AE2 | B10: =VLOOKUP(A10,tmat,2,FALSE) -> Aislador de Espiga ANSI C 56-3 | C10: C/U | D10: 2 | E10: 0
A11: AE1 | B11: =VLOOKUP(A11,tmat,2,FALSE) -> Aislador de Espiga ANSI C 55-4 | C11: C/U | D11: 0 | E11: 2
A12: GT4 | B12: =VLOOKUP(A12,tmat,2,FALSE) -> Grapa Terminal tipo Recto para Conductor (1/0 - 4/0) | C12: C/U | D12: 4 | E12: 4
A13: CC2 | B13: =VLOOKUP(A13,tmat,2,FALSE) -> Conector de Compresión YC 25A25 (1/0-1/0) | C13: C/U | D13: 2 | E13: 2
... A16: PRC5 | B16: =VLOOKUP(A16,tmat,2,FALSE) -> Perno de Rosca Corrida 5/8" x 20" | C16: C/U | D16: 2 | E16: 2

Sheet A-II-6A
A1: COD. ENEE | B1: Materiales | C1: Unidad | D1: 34.5 | E1: 13.8
A2: AR1 | B2: =VLOOKUP(A2,tmat,2,FALSE) -> Arandela Cuadrada 3/16" x 2-1/4" x 2-1/4", Ø=11/16" | C2: C/U | D2: 20 | E2: 8
A3: PC | B3: =VLOOKUP(A3,tmat,2,FALSE) -> Perno de Carroceria 3/8" x 5" | C3: C/U | D3: 8 | E3: 8
A4: AS2 | B4: =VLOOKUP(A4,tmat,2,FALSE) -> Aislador de Suspensión ANSI C 52-9 | C4: C/U | D4: 15 | E4: 10
A5: CR2 | B5: =VLOOKUP(A5,tmat,2,FALSE) -> Crucete de Madera Curada de 4" x 5" x 96" | C5: C/U | D5: 4 | E5: 4
A6: TP | B6: =VLOOKUP(A6,tmat,2,FALSE) -> Tirante de Pletina de 1/4" x 1-1/4" x 30" | C6: C/U | D6: 8 | E6: 8
A7: PM10 | B7: =VLOOKUP(A7,tmat,2,FALSE) -> Perno de Máquina de 1/2" x 10" | C7: C/U | D7: 4 | E7: 4
A8: TO1 | B8: =VLOOKUP(A8,tmat,2,FALSE) -> Tuerca de Ojo de 5/8" | C8: C/U | D8: 5 | E8: 5
A9: AA1 | B9: =VLOOKUP(A9,tmat,2,FALSE) -> Alambre de Amarre N° 6 | C9: Pie | D9: 10 | E9: 20
A10: AE2 | B10: =VLOOKUP(A10,tmat,2,FALSE) -> Aislador de Espiga ANSI C 56-3 | C10: C/U | D10: 2 | E10: 0
A11: AE1 | B11: =VLOOKUP(A11,tmat,2,FALSE) -> Aislador de Espiga ANSI C 55-4 | C11: C/U | D11: 0 | E11: 2
A12: GT4 | B12: =VLOOKUP(A12,tmat,2,FALSE) -> Grapa Terminal tipo Recto para Conductor (1/0 - 4/0) | C12: C/U | D12: 5 | E12: 5
A13: CC2 | B13: =VLOOKUP(A13,tmat,2,FALSE) -> Conector de Compresión YC 25A25 (1/0-1/0) | C13: C/U | D13: 3 | E13: 3
... A16: PRC5 | B16: =VLOOKUP(A16,tmat,2,FALSE) -> Perno de Rosca Corrida 5/8" x 20" | C16: C/U | D16: 2 | E16: 2

Sheet A-II-6R
A1: COD. ENEE | B1: Materiales | C1: Unidad | D1: 34.5 | E1: 13.8
A2: AR1 | B2: =VLOOKUP(A2,tmat,2,FALSE) -> Arandela Cuadrada 3/16" x 2-1/4" x 2-1/4", Ø=11/16" | C2: C/U | D2: 8 | E2: 8
A3: AS2 | B3: =VLOOKUP(A3,tmat,2,FALSE) -> Aislador de Suspensión ANSI C 52-9 | C3: C/U | D3: 12 | E3: 8
A4: GT4 | B4: =VLOOKUP(A4,tmat,2,FALSE) -> Grapa Terminal tipo Recto para Conductor (1/0 - 4/0) | C4: C/U | D4: 4 | E4: 4
A5: PRC1 | B5: =VLOOKUP(A5,tmat,2,FALSE) -> Perno de Rosca Corrida 5/8" x 12" | C5: C/U | D5: 4 | E5: 4
A6: TO1 | B6: =VLOOKUP(A6,tmat,2,FALSE) -> Tuerca de Ojo de 5/8" | C6: C/U | D6: 4 | E6: 4
A7: CC2 | B7: =VLOOKUP(A7,tmat,2,FALSE) -> Conector de Compresión YC 25A25 (1/0-1/0) | C7: C/U | D7: 2 | E7: 2

Sheet A-II-7
A1: COD. ENEE | B1: Materiales | C1: Unidad | D1: 34.5 | E1: 13.8
A2: AR1 | B2: =VLOOKUP(A2,tmat,2,FALSE) -> Arandela Cuadrada 3/16" x 2-1/4" x 2-1/4", Ø=11/16" | C2: C/U | D2: 6 | E2: 6
A3: AS2 | B3: =VLOOKUP(A3,tmat,2,FALSE) -> Aislador de Suspensión ANSI C 52-9 | C3: C/U | D3: 6 | E3: 4
A4: CR2 | B4: =VLOOKUP(A4,tmat,2,FALSE) -> Crucete de Madera Curada de 4" x 5" x 96" | C4: C/U | D4: 2 | E4: 2
A5: TP | B5: =VLOOKUP(A5,tmat,2,FALSE) -> Tirante de Pletina de 1/4" x 1-1/4" x 30" | C5: C/U | D5: 4 | E5: 4
A6: PM10 | B6: =VLOOKUP(A6,tmat,2,FALSE) -> Perno de Máquina de 1/2" x 10" | C6: C/U | D6: 2 | E6: 2
A7: TO1 | B7: =VLOOKUP(A7,tmat,2,FALSE) -> Tuerca de Ojo de 5/8" | C7: C/U | D7: 2 | E7: 2
A8: AA1 | B8: =VLOOKUP(A8,tmat,2,FALSE) -> Alambre de Amarre N° 6 | C8: Pie | D8: 20 | E8: 20
A9: VAP2 | B9: =VLOOKUP(A9,tmat,2,FALSE) -> Varilla de Armar Preformado para Cable ASCR # 1/0 AWG | C9: C/U | D9: 2 | E9: 2
A10: PM1 | B10: =VLOOKUP(A10,tmat,2,FALSE) -> Perno de Máquina de 5/8" x 8" | C10: C/U | D10: 2 | E10: 2
A11: PAN1 | B11: =VLOOKUP(A11,tmat,2,FALSE) -> Puntal Angular de 60", 1-3/4" x 1-3/4" x 3/16" | C11: C/U | D11: 2 | E11: 2
A12: EC1 | B12: =VLOOKUP(A12,tmat,2,FALSE) -> Espiga para Cruceta de Madera, L=6" Rosca 1", Φ = 3/4" | C12: C/U | D12: 2 | E12: 0
A13: EC2 | B13: =VLOOKUP(A13,tmat,2,FALSE) -> Espiga para Cruceta de Madera, L=8" Rosca 1-3/8", Φ = 3/4" | C13: C/U | D13: 0 | E13: 2
... A21: PC | B21: =VLOOKUP(A21,tmat,2,FALSE) -> Perno de Carroceria 3/8" x 5" | C21: C/U | D21: 4 | E21: 4

Sheet A-II-7A
A1: COD. ENEE | B1: Materiales | C1: Unidad | D1: 34.5 | E1: 13.8
A2: AR1 | B2: =VLOOKUP(A2,tmat,2,FALSE) -> Arandela Cuadrada 3/16" x 2-1/4" x 2-1/4", Ø=11/16" | C2: C/U | D2: 4 | E2: 4
A3: AS2 | B3: =VLOOKUP(A3,tmat,2,FALSE) -> Aislador de Suspensión ANSI C 52-9 | C3: C/U | D3: 3 | E3: 2
A4: CR2 | B4: =VLOOKUP(A4,tmat,2,FALSE) -> Crucete de Madera Curada de 4" x 5" x 96" | C4: C/U | D4: 2 | E4: 2
A5: TP | B5: =VLOOKUP(A5,tmat,2,FALSE) -> Tirante de Pletina de 1/4" x 1-1/4" x 30" | C5: C/U | D5: 2 | E5: 2
A6: PM10 | B6: =VLOOKUP(A6,tmat,2,FALSE) -> Perno de Máquina de 1/2" x 10" | C6: C/U | D6: 1 | E6: 1
A7: TO1 | B7: =VLOOKUP(A7,tmat,2,FALSE) -> Tuerca de Ojo de 5/8" | C7: C/U | D7: 1 | E7: 1
A8: AA1 | B8: =VLOOKUP(A8,tmat,2,FALSE) -> Alambre de Amarre N° 6 | C8: Pie | D8: 10 | E8: 10
A9: VAP2 | B9: =VLOOKUP(A9,tmat,2,FALSE) -> Varilla de Armar Preformado para Cable ASCR # 1/0 AWG | C9: C/U | D9: 2 | E9: 2
A10: PM1 | B10: =VLOOKUP(A10,tmat,2,FALSE) -> Perno de Máquina de 5/8" x 8" | C10: C/U | D10: 1 | E10: 1
A11: PAN1 | B11: =VLOOKUP(A11,tmat,2,FALSE) -> Puntal Angular de 60", 1-3/4" x 1-3/4" x 3/16" | C11: C/U | D11: 1 | E11: 1
A12: EC1 | B12: =VLOOKUP(A12,tmat,2,FALSE) -> Espiga para Cruceta de Madera, L=6" Rosca 1", Φ = 3/4" | C12: C/U | D12: 1 | E12: 0
A13: EC2 | B13: =VLOOKUP(A13,tmat,2,FALSE) -> Espiga para Cruceta de Madera, L=8" Rosca 1-3/8", Φ = 3/4" | C13: C/U | D13: 0 | E13: 1
... A19: CC2 | B19: =VLOOKUP(A19,tmat,2,FALSE) -> Conector de Compresión YC 25A25 (1/0-1/0) | C19: C/U | D19: 1 | E19: 1

Sheet A-II-7V
A1: COD. ENEE | B1: Materiales | C1: Unidad | D1: 34.5 | E1: 13.8
A2: AR1 | B2: =VLOOKUP(A2,tmat,2,FALSE) -> Arandela Cuadrada 3/16" x 2-1/4" x 2-1/4", Ø=11/16" | C2: C/U | D2: 13 | E2: 13
A3: AS2 | B3: =VLOOKUP(A3,tmat,2,FALSE) -> Aislador de Suspensión ANSI C 52-9 | C3: C/U | D3: 6 | E3: 4
A4: CR2 | B4: =VLOOKUP(A4,tmat,2,FALSE) -> Crucete de Madera Curada de 4" x 5" x 96" | C4: C/U | D4: 2 | E4: 2
A5: TP | B5: =VLOOKUP(A5,tmat,2,FALSE) -> Tirante de Pletina de 1/4" x 1-1/4" x 30" | C5: C/U | D5: 4 | E5: 4
A6: PM10 | B6: =VLOOKUP(A6,tmat,2,FALSE) -> Perno de Máquina de 1/2" x 10" | C6: C/U | D6: 2 | E6: 2
A7: TO1 | B7: =VLOOKUP(A7,tmat,2,FALSE) -> Tuerca de Ojo de 5/8" | C7: C/U | D7: 2 | E7: 2
A8: AA1 | B8: =VLOOKUP(A8,tmat,2,FALSE) -> Alambre de Amarre N° 6 | C8: Pie | D8: 20 | E8: 20
A9: VAP2 | B9: =VLOOKUP(A9,tmat,2,FALSE) -> Varilla de Armar Preformado para Cable ASCR # 1/0 AWG | C9: C/U | D9: 2 | E9: 2
A10: PM1 | B10: =VLOOKUP(A10,tmat,2,FALSE) -> Perno de Máquina de 5/8" x 8" | C10: C/U | D10: 1 | E10: 1
A11: PAN1 | B11: =VLOOKUP(A11,tmat,2,FALSE) -> Puntal Angular de 60", 1-3/4" x 1-3/4" x 3/16" | C11: C/U | D11: 2 | E11: 2
A12: EC1 | B12: =VLOOKUP(A12,tmat,2,FALSE) -> Espiga para Cruceta de Madera, L=6" Rosca 1", Φ = 3/4" | C12: C/U | D12: 2 | E12: 0
A13: EC2 | B13: =VLOOKUP(A13,tmat,2,FALSE) -> Espiga para Cruceta de Madera, L=8" Rosca 1-3/8", Φ = 3/4" | C13: C/U | D13: 0 | E13: 2
... A21: PC | B21: =VLOOKUP(A21,tmat,2,FALSE) -> Perno de Carroceria 3/8" x 5" | C21: C/U | D21: 4 | E21: 4

Sheet A-II-7VA
A1: COD. ENEE | B1: Materiales | C1: Unidad | D1: 34.5 | E1: 13.8
A2: AR1 | B2: =VLOOKUP(A2,tmat,2,FALSE) -> Arandela Cuadrada 3/16" x 2-1/4" x 2-1/4", Ø=11/16" | C2: C/U | D2: 5 | E2: 5
A3: AS2 | B3: =VLOOKUP(A3,tmat,2,FALSE) -> Aislador de Suspensión ANSI C 52-9 | C3: C/U | D3: 3 | E3: 2
A4: PM10 | B4: =VLOOKUP(A4,tmat,2,FALSE) -> Perno de Máquina de 1/2" x 10" | C4: C/U | D4: 1 | E4: 1
A5: TO1 | B5: =VLOOKUP(A5,tmat,2,FALSE) -> Tuerca de Ojo de 5/8" | C5: C/U | D5: 1 | E5: 1
A6: AA1 | B6: =VLOOKUP(A6,tmat,2,FALSE) -> Alambre de Amarre N° 6 | C6: Pie | D6: 10 | E6: 10
A7: VAP2 | B7: =VLOOKUP(A7,tmat,2,FALSE) -> Varilla de Armar Preformado para Cable ASCR # 1/0 AWG | C7: C/U | D7: 2 | E7: 2
A8: PM1 | B8: =VLOOKUP(A8,tmat,2,FALSE) -> Perno de Máquina de 5/8" x 8" | C8: C/U | D8: 1 | E8: 1
A9: PAN1 | B9: =VLOOKUP(A9,tmat,2,FALSE) -> Puntal Angular de 60", 1-3/4" x 1-3/4" x 3/16" | C9: C/U | D9: 1 | E9: 1
A10: EC1 | B10: =VLOOKUP(A10,tmat,2,FALSE) -> Espiga para Cruceta de Madera, L=6" Rosca 1", Φ = 3/4" | C10: C/U | D10: 1 | E10: 0
A11: EC2 | B11: =VLOOKUP(A11,tmat,2,FALSE) -> Espiga para Cruceta de Madera, L=8" Rosca 1-3/8", Φ = 3/4" | C11: C/U | D11: 0 | E11: 1
A12: PRC1 | B12: =VLOOKUP(A12,tmat,2,FALSE) -> Perno de Rosca Corrida 5/8" x 12" | C12: C/U | D12: 1 | E12: 1
A13: GT4 | B13: =VLOOKUP(A13,tmat,2,FALSE) -> Grapa Terminal tipo Recto para Conductor (1/0 - 4/0) | C13: C/U | D13: 1 | E13: 1
... A18: CC2 | B18: =VLOOKUP(A18,tmat,2,FALSE) -> Conector de Compresión YC 25A25 (1/0-1/0) | C18: C/U | D18: 1 | E18: 1

Sheet A-II-8
A1: COD. ENEE | B1: Materiales | C1: Unidad | D1: 34.5 | E1: 13.8
A2: AR1 | B2: =VLOOKUP(A2,tmat,2,FALSE) -> Arandela Cuadrada 3/16" x 2-1/4" x 2-1/4", Ø=11/16" | C2: C/U | D2: 20 | E2: 20
A3: PC | B3: =VLOOKUP(A3,tmat,2,FALSE) -> Perno de Carroceria 3/8" x 5" | C3: C/U | D3: 8 | E3: 8
A4: AS2 | B4: =VLOOKUP(A4,tmat,2,FALSE) -> Aislador de Suspensión ANSI C 52-9 | C4: C/U | D4: 6 | E4: 4
A5: CR2 | B5: =VLOOKUP(A5,tmat,2,FALSE) -> Crucete de Madera Curada de 4" x 5" x 96" | C5: C/U | D5: 4 | E5: 4
A6: TP | B6: =VLOOKUP(A6,tmat,2,FALSE) -> Tirante de Pletina de 1/4" x 1-1/4" x 30" | C6: C/U | D6: 8 | E6: 8
A7: PM10 | B7: =VLOOKUP(A7,tmat,2,FALSE) -> Perno de Máquina de 1/2" x 10" | C7: C/U | D7: 4 | E7: 4
A8: TO1 | B8: =VLOOKUP(A8,tmat,2,FALSE) -> Tuerca de Ojo de 5/8" | C8: C/U | D8: 2 | E8: 2
A9: AA1 | B9: =VLOOKUP(A9,tmat,2,FALSE) -> Alambre de Amarre N° 6 | C9: Pie | D9: 25 | E9: 25
A10: VAP2 | B10: =VLOOKUP(A10,tmat,2,FALSE) -> Varilla de Armar Preformado para Cable ASCR # 1/0 AWG | C10: C/U | D10: 2 | E10: 2
A11: PM1 | B11: =VLOOKUP(A11,tmat,2,FALSE) -> Perno de Máquina de 5/8" x 8" | C11: C/U | D11: 5 | E11: 0
A12: EC1 | B12: =VLOOKUP(A12,tmat,2,FALSE) -> Espiga para Cruceta de Madera, L=6" Rosca 1", Φ = 3/4" | C12: C/U | D12: 0 | E12: 4
A13: EC2 | B13: =VLOOKUP(A13,tmat,2,FALSE) -> Espiga para Cruceta de Madera, L=8" Rosca 1-3/8", Φ = 3/4" | C13: C/U | D13: 4 | E13: 0
... A19: CC2 | B19: =VLOOKUP(A19,tmat,2,FALSE) -> Conector de Compresión YC 25A25 (1/0-1/0) | C19: C/U | D19: 2 | E19: 2

Sheet A-II-8A
A1: COD. ENEE | B1: Materiales | C1: Unidad | D1: 34.5 | E1: 13.8
A2: AR1 | B2: =VLOOKUP(A2,tmat,2,FALSE) -> Arandela Cuadrada 3/16" x 2-1/4" x 2-1/4", Ø=11/16" | C2: C/U | D2: 12 | E2: 12
A3: PC | B3: =VLOOKUP(A3,tmat,2,FALSE) -> Perno de Carroceria 3/8" x 5" | C3: C/U | D3: 4 | E3: 4
A4: AS2 | B4: =VLOOKUP(A4,tmat,2,FALSE) -> Aislador de Suspensión ANSI C 52-9 | C4: C/U | D4: 3 | E4: 2
A5: CR2 | B5: =VLOOKUP(A5,tmat,2,FALSE) -> Crucete de Madera Curada de 4" x 5" x 96" | C5: C/U | D5: 2 | E5: 2
A6: TP | B6: =VLOOKUP(A6,tmat,2,FALSE) -> Tirante de Pletina de 1/4" x 1-1/4" x 30" | C6: C/U | D6: 4 | E6: 4
A7: PM10 | B7: =VLOOKUP(A7,tmat,2,FALSE) -> Perno de Máquina de 1/2" x 10" | C7: C/U | D7: 2 | E7: 2
A8: TO1 | B8: =VLOOKUP(A8,tmat,2,FALSE) -> Tuerca de Ojo de 5/8" | C8: C/U | D8: 1 | E8: 1
A9: AA1 | B9: =VLOOKUP(A9,tmat,2,FALSE) -> Alambre de Amarre N° 6 | C9: Pie | D9: 20 | E9: 20
A10: VAP2 | B10: =VLOOKUP(A10,tmat,2,FALSE) -> Varilla de Armar Preformado para Cable ASCR # 1/0 AWG | C10: C/U | D10: 2 | E10: 2
A11: PM1 | B11: =VLOOKUP(A11,tmat,2,FALSE) -> Perno de Máquina de 5/8" x 8" | C11: C/U | D11: 4 | E11: 0
A12: EC1 | B12: =VLOOKUP(A12,tmat,2,FALSE) -> Espiga para Cruceta de Madera, L=6" Rosca 1", Φ = 3/4" | C12: C/U | D12: 0 | E12: 4
A13: EC2 | B13: =VLOOKUP(A13,tmat,2,FALSE) -> Espiga para Cruceta de Madera, L=8" Rosca 1-3/8", Φ = 3/4" | C13: C/U | D13: 4 | E13: 0
... A20: CC2 | B20: =VLOOKUP(A20,tmat,2,FALSE) -> Conector de Compresión YC 25A25 (1/0-1/0) | C20: C/U | D20: 1 | E20: 1

Sheet A-II-8V
A1: COD. ENEE | B1: Materiales | C1: Unidad | D1: 34.5 | E1: 13.8
A2: AR1 | B2: =VLOOKUP(A2,tmat,2,FALSE) -> Arandela Cuadrada 3/16" x 2-1/4" x 2-1/4", Ø=11/16" | C2: C/U | D2: 22 | E2: 22
A3: PC | B3: =VLOOKUP(A3,tmat,2,FALSE) -> Perno de Carroceria 3/8" x 5" | C3: C/U | D3: 4 | E3: 4
A4: AS2 | B4: =VLOOKUP(A4,tmat,2,FALSE) -> Aislador de Suspensión ANSI C 52-9 | C4: C/U | D4: 6 | E4: 4
A5: CR2 | B5: =VLOOKUP(A5,tmat,2,FALSE) -> Crucete de Madera Curada de 4" x 5" x 96" | C5: C/U | D5: 2 | E5: 2
A6: TP | B6: =VLOOKUP(A6,tmat,2,FALSE) -> Tirante de Pletina de 1/4" x 1-1/4" x 30" | C6: C/U | D6: 4 | E6: 4
A7: PM10 | B7: =VLOOKUP(A7,tmat,2,FALSE) -> Perno de Máquina de 1/2" x 10" | C7: C/U | D7: 4 | E7: 4
A8: TO1 | B8: =VLOOKUP(A8,tmat,2,FALSE) -> Tuerca de Ojo de 5/8" | C8: C/U | D8: 2 | E8: 2
A9: AA1 | B9: =VLOOKUP(A9,tmat,2,FALSE) -> Alambre de Amarre N° 6 | C9: Pie | D9: 20 | E9: 20
A10: VAP2 | B10: =VLOOKUP(A10,tmat,2,FALSE) -> Varilla de Armar Preformado para Cable ASCR # 1/0 AWG | C10: C/U | D10: 2 | E10: 2
A11: PM1 | B11: =VLOOKUP(A11,tmat,2,FALSE) -> Perno de Máquina de 5/8" x 8" | C11: C/U | D11: 6 | E11: 0
A12: PAN1 | B12: =VLOOKUP(A12,tmat,2,FALSE) -> Puntal Angular de 60", 1-3/4" x 1-3/4" x 3/16" | C12: C/U | D12: 2 | E12: 2
A13: EC1 | B13: =VLOOKUP(A13,tmat,2,FALSE) -> Espiga para Cruceta de Madera, L=6" Rosca 1", Φ = 3/4" | C13: C/U | D13: 0 | E13: 4
... A21: CC2 | B21: =VLOOKUP(A21,tmat,2,FALSE) -> Conector de Compresión YC 25A25 (1/0-1/0) | C21: C/U | D21: 2 | E21: 2

Sheet A-II-8VA
A1: COD. ENEE | B1: Materiales | C1: Unidad | D1: 34.5 | E1: 13.8
A2: AR1 | B2: =VLOOKUP(A2,tmat,2,FALSE) -> Arandela Cuadrada 3/16" x 2-1/4" x 2-1/4", Ø=11/16" | C2: C/U | D2: 12 | E2: 12
A3: AS2 | B3: =VLOOKUP(A3,tmat,2,FALSE) -> Aislador de Suspensión ANSI C 52-9 | C3: C/U | D3: 3 | E3: 2
A4: PM10 | B4: =VLOOKUP(A4,tmat,2,FALSE) -> Perno de Máquina de 1/2" x 10" | C4: C/U | D4: 2 | E4: 2
A5: TO1 | B5: =VLOOKUP(A5,tmat,2,FALSE) -> Tuerca de Ojo de 5/8" | C5: C/U | D5: 1 | E5: 1
A6: AA1 | B6: =VLOOKUP(A6,tmat,2,FALSE) -> Alambre de Amarre N° 6 | C6: Pie | D6: 20 | E6: 20
A7: VAP2 | B7: =VLOOKUP(A7,tmat,2,FALSE) -> Varilla de Armar Preformado para Cable ASCR # 1/0 AWG | C7: C/U | D7: 2 | E7: 2
A8: PM1 | B8: =VLOOKUP(A8,tmat,2,FALSE) -> Perno de Máquina de 5/8" x 8" | C8: C/U | D8: 6 | E8: 0
A9: PAN1 | B9: =VLOOKUP(A9,tmat,2,FALSE) -> Puntal Angular de 60", 1-3/4" x 1-3/4" x 3/16" | C9: C/U | D9: 2 | E9: 2
A10: EC1 | B10: =VLOOKUP(A10,tmat,2,FALSE) -> Espiga para Cruceta de Madera, L=6" Rosca 1", Φ = 3/4" | C10: C/U | D10: 0 | E10: 4
A11: EC2 | B11: =VLOOKUP(A11,tmat,2,FALSE) -> Espiga para Cruceta de Madera, L=8" Rosca 1-3/8", Φ = 3/4" | C11: C/U | D11: 4 | E11: 0
A12: CR3 | B12: =VLOOKUP(A12,tmat,2,FALSE) -> Crucete de Madera Curada de 4" x 5" x 96" /Voladizo | C12: C/U | D12: 2 | E12: 2
A13: PLE | B13: =VLOOKUP(A13,tmat,2,FALSE) -> Pletina Espaciadora para Crucete Madera 1/2" x 4" x 24" | C13: C/U | D13: 3 | E13: 3
... A19: CC2 | B19: =VLOOKUP(A19,tmat,2,FALSE) -> Conector de Compresión YC 25A25 (1/0-1/0) | C19: C/U | D19: 1 | E19: 1

Sheet A-II-9
A1: COD. ENEE | B1: Materiales | C1: Unidad | D1: 34.5 | E1: 13.8
A2: AR1 | B2: =VLOOKUP(A2,tmat,2,FALSE) -> Arandela Cuadrada 3/16" x 2-1/4" x 2-1/4", Ø=11/16" | C2: C/U | D2: 8 | E2: 8
A3: AS2 | B3: =VLOOKUP(A3,tmat,2,FALSE) -> Aislador de Suspensión ANSI C 52-9 | C3: C/U | D3: 6 | E3: 4
A4: AA1 | B4: =VLOOKUP(A4,tmat,2,FALSE) -> Alambre de Amarre N° 6 | C4: Pie | D4: 10 | E4: 10
A5: AE2 | B5: =VLOOKUP(A5,tmat,2,FALSE) -> Aislador de Espiga ANSI C 56-3 | C5: C/U | D5: 2 | E5: 0
A6: AE1 | B6: =VLOOKUP(A6,tmat,2,FALSE) -> Aislador de Espiga ANSI C 55-4 | C6: C/U | D6: 0 | E6: 2
A7: PM1 | B7: =VLOOKUP(A7,tmat,2,FALSE) -> Perno de Máquina de 5/8" x 8" | C7: C/U | D7: 2 | E7: 2
A8: PAN1 | B8: =VLOOKUP(A8,tmat,2,FALSE) -> Puntal Angular de 60", 1-3/4" x 1-3/4" x 3/16" | C8: C/U | D8: 1 | E8: 1
A9: CR3 | B9: =VLOOKUP(A9,tmat,2,FALSE) -> Crucete de Madera Curada de 4" x 5" x 96" /Voladizo | C9: C/U | D9: 1 | E9: 1
A10: PM10 | B10: =VLOOKUP(A10,tmat,2,FALSE) -> Perno de Máquina de 1/2" x 10" | C10: C/U | D10: 2 | E10: 2
A11: TO1 | B11: =VLOOKUP(A11,tmat,2,FALSE) -> Tuerca de Ojo de 5/8" | C11: C/U | D11: 2 | E11: 2
A12: CC2 | B12: =VLOOKUP(A12,tmat,2,FALSE) -> Conector de Compresión YC 25A25 (1/0-1/0) | C12: C/U | D12: 2 | E12: 2
A13: PRC5 | B13: =VLOOKUP(A13,tmat,2,FALSE) -> Perno de Rosca Corrida 5/8" x 20" | C13: C/U | D13: 2 | E13: 2
A14: GT4 | B14: =VLOOKUP(A14,tmat,2,FALSE) -> Grapa Terminal tipo Recto para Conductor (1/0 - 4/0) | C14: C/U | D14: 2 | E14: 2

Sheet A-II-9A
A1: COD. ENEE | B1: Materiales | C1: Unidad | D1: 34.5 | E1: 13.8
A2: AR1 | B2: =VLOOKUP(A2,tmat,2,FALSE) -> Arandela Cuadrada 3/16" x 2-1/4" x 2-1/4", Ø=11/16" | C2: C/U | D2: 10 | E2: 10
A3: AS2 | B3: =VLOOKUP(A3,tmat,2,FALSE) -> Aislador de Suspensión ANSI C 52-9 | C3: C/U | D3: 8 | E3: 6
A4: AA1 | B4: =VLOOKUP(A4,tmat,2,FALSE) -> Alambre de Amarre N° 6 | C4: Pie | D4: 10 | E4: 10
A5: AE2 | B5: =VLOOKUP(A5,tmat,2,FALSE) -> Aislador de Espiga ANSI C 56-3 | C5: C/U | D5: 2 | E5: 0
A6: AE1 | B6: =VLOOKUP(A6,tmat,2,FALSE) -> Aislador de Espiga ANSI C 55-4 | C6: C/U | D6: 0 | E6: 2
A7: PM1 | B7: =VLOOKUP(A7,tmat,2,FALSE) -> Perno de Máquina de 5/8" x 8" | C7: C/U | D7: 2 | E7: 2
A8: PAN1 | B8: =VLOOKUP(A8,tmat,2,FALSE) -> Puntal Angular de 60", 1-3/4" x 1-3/4" x 3/16" | C8: C/U | D8: 1 | E8: 1
A9: CR3 | B9: =VLOOKUP(A9,tmat,2,FALSE) -> Crucete de Madera Curada de 4" x 5" x 96" /Voladizo | C9: C/U | D9: 1 | E9: 1
A10: PM10 | B10: =VLOOKUP(A10,tmat,2,FALSE) -> Perno de Máquina de 1/2" x 10" | C10: C/U | D10: 2 | E10: 2
A11: TO1 | B11: =VLOOKUP(A11,tmat,2,FALSE) -> Tuerca de Ojo de 5/8" | C11: C/U | D11: 2 | E11: 2
A12: CC2 | B12: =VLOOKUP(A12,tmat,2,FALSE) -> Conector de Compresión YC 25A25 (1/0-1/0) | C12: C/U | D12: 2 | E12: 2
A13: PRC5 | B13: =VLOOKUP(A13,tmat,2,FALSE) -> Perno de Rosca Corrida 5/8" x 20" | C13: C/U | D13: 2 | E13: 2
A14: GT4 | B14: =VLOOKUP(A14,tmat,2,FALSE) -> Grapa Terminal tipo Recto para Conductor (1/0 - 4/0) | C14: C/U | D14: 2 | E14: 2

Sheet A-II-9V
A1: COD. ENEE | B1: Materiales | C1: Unidad | D1: 34.5 | E1: 13.8
A2: AR1 | B2: =VLOOKUP(A2,tmat,2,FALSE) -> Arandela Cuadrada 3/16" x 2-1/4" x 2-1/4", Ø=11/16" | C2: C/U | D2: 12 | E2: 12
A3: AS2 | B3: =VLOOKUP(A3,tmat,2,FALSE) -> Aislador de Suspensión ANSI C 52-9 | C3: C/U | D3: 18 | E3: 12
A4: AA1 | B4: =VLOOKUP(A4,tmat,2,FALSE) -> Alambre de Amarre N° 6 | C4: Pie | D4: 10 | E4: 10
A5: AE2 | B5: =VLOOKUP(A5,tmat,2,FALSE) -> Aislador de Espiga ANSI C 56-3 | C5: C/U | D5: 2 | E5: 0
A6: AE1 | B6: =VLOOKUP(A6,tmat,2,FALSE) -> Aislador de Espiga ANSI C 55-4 | C6: C/U | D6: 0 | E6: 2
A7: PM1 | B7: =VLOOKUP(A7,tmat,2,FALSE) -> Perno de Máquina de 5/8" x 8" | C7: C/U | D7: 2 | E7: 2
A8: PAN1 | B8: =VLOOKUP(A8,tmat,2,FALSE) -> Puntal Angular de 60", 1-3/4" x 1-3/4" x 3/16" | C8: C/U | D8: 2 | E8: 2
A9: CR3 | B9: =VLOOKUP(A9,tmat,2,FALSE) -> Crucete de Madera Curada de 4" x 5" x 96" /Voladizo | C9: C/U | D9: 2 | E9: 2
A10: PM10 | B10: =VLOOKUP(A10,tmat,2,FALSE) -> Perno de Máquina de 1/2" x 10" | C10: C/U | D10: 4 | E10: 4
A11: TO1 | B11: =VLOOKUP(A11,tmat,2,FALSE) -> Tuerca de Ojo de 5/8" | C11: C/U | D11: 6 | E11: 6
A12: CC2 | B12: =VLOOKUP(A12,tmat,2,FALSE) -> Conector de Compresión YC 25A25 (1/0-1/0) | C12: C/U | D12: 2 | E12: 2
A13: PRC5 | B13: =VLOOKUP(A13,tmat,2,FALSE) -> Perno de Rosca Corrida 5/8" x 20" | C13: C/U | D13: 2 | E13: 2
... A17: PC | B17: =VLOOKUP(A17,tmat,2,FALSE) -> Perno de Carroceria 3/8" x 5" | C17: C/U | D17: 2 | E17: 2

Sheet A-II-9VA
A1: COD. ENEE | B1: Materiales | C1: Unidad | D1: 34.5 | E1: 13.8
A2: AR1 | B2: =VLOOKUP(A2,tmat,2,FALSE) -> Arandela Cuadrada 3/16" x 2-1/4" x 2-1/4", Ø=11/16" | C2: C/U | D2: 10 | E2: 10
A3: AS2 | B3: =VLOOKUP(A3,tmat,2,FALSE) -> Aislador de Suspensión ANSI C 52-9 | C3: C/U | D3: 15 | E3: 10
A4: AA1 | B4: =VLOOKUP(A4,tmat,2,FALSE) -> Alambre de Amarre N° 6 | C4: Pie | D4: 10 | E4: 10
A5: AE2 | B5: =VLOOKUP(A5,tmat,2,FALSE) -> Aislador de Espiga ANSI C 56-3 | C5: C/U | D5: 2 | E5: 0
A6: AE1 | B6: =VLOOKUP(A6,tmat,2,FALSE) -> Aislador de Espiga ANSI C 55-4 | C6: C/U | D6: 0 | E6: 2
A7: PM1 | B7: =VLOOKUP(A7,tmat,2,FALSE) -> Perno de Máquina de 5/8" x 8" | C7: C/U | D7: 2 | E7: 2
A8: PAN1 | B8: =VLOOKUP(A8,tmat,2,FALSE) -> Puntal Angular de 60", 1-3/4" x 1-3/4" x 3/16" | C8: C/U | D8: 2 | E8: 2
A9: CR3 | B9: =VLOOKUP(A9,tmat,2,FALSE) -> Crucete de Madera Curada de 4" x 5" x 96" /Voladizo | C9: C/U | D9: 2 | E9: 2
A10: PM10 | B10: =VLOOKUP(A10,tmat,2,FALSE) -> Perno de Máquina de 1/2" x 10" | C10: C/U | D10: 2 | E10: 2
A11: TO1 | B11: =VLOOKUP(A11,tmat,2,FALSE) -> Tuerca de Ojo de 5/8" | C11: C/U | D11: 5 | E11: 5
A12: CC2 | B12: =VLOOKUP(A12,tmat,2,FALSE) -> Conector de Compresión YC 25A25 (1/0-1/0) | C12: C/U | D12: 2 | E12: 2
A13: PRC5 | B13: =VLOOKUP(A13,tmat,2,FALSE) -> Perno de Rosca Corrida 5/8" x 20" | C13: C/U | D13: 2 | E13: 2
... A15: GT4 | B15: =VLOOKUP(A15,tmat,2,FALSE) -> Grapa Terminal tipo Recto para Conductor (1/0 - 4/0) | C15: C/U | D15: 5 | E15: 5

Sheet A-III-1
A1: COD. ENEE | B1: Materiales | C1: Unidad | D1: 34.5 | E1: 13.8
A2: AE1 | B2: =VLOOKUP(A2,tmat,2,FALSE) -> Aislador de Espiga ANSI C 55-4 | C2: C/U | D2: 0 | E2: 3
A3: AE2 | B3: =VLOOKUP(A3,tmat,2,FALSE) -> Aislador de Espiga ANSI C 56-3 | C3: C/U | D3: 3 | E3: 0
A4: AA1 | B4: =VLOOKUP(A4,tmat,2,FALSE) -> Alambre de Amarre N° 6 | C4: Pie | D4: 10 | E4: 10
A5: AR1 | B5: =VLOOKUP(A5,tmat,2,FALSE) -> Arandela Cuadrada 3/16" x 2-1/4" x 2-1/4", Ø=11/16" | C5: C/U | D5: 4 | E5: 4
A6: CR2 | B6: =VLOOKUP(A6,tmat,2,FALSE) -> Crucete de Madera Curada de 4" x 5" x 96" | C6: C/U | D6: 1 | E6: 1
A7: EC1 | B7: =VLOOKUP(A7,tmat,2,FALSE) -> Espiga para Cruceta de Madera, L=6" Rosca 1", Φ = 3/4" | C7: C/U | D7: 0 | E7: 2
A8: EC2 | B8: =VLOOKUP(A8,tmat,2,FALSE) -> Espiga para Cruceta de Madera, L=8" Rosca 1-3/8", Φ = 3/4" | C8: C/U | D8: 2 | E8: 0
A9: EP2 | B9: =VLOOKUP(A9,tmat,2,FALSE) -> Espiga Punta de Poste tipo Recta, 34.5 KV, L=20" Rosca 1-3/8" | C9: C/U | D9: 1 | E9: 0
A10: EP1 | B10: =VLOOKUP(A10,tmat,2,FALSE) -> Espiga Punta de Poste tipo Recta, 13.8 KV, L=18" Rosca 1" | C10: C/U | D10: 0 | E10: 1
A11: PC | B11: =VLOOKUP(A11,tmat,2,FALSE) -> Perno de Carroceria 3/8" x 5" | C11: C/U | D11: 2 | E11: 2
A12: PM4 | B12: =VLOOKUP(A12,tmat,2,FALSE) -> Perno de Máquina de 5/8" x 14" | C12: C/U | D12: 1 | E12: 1
A13: PM2 | B13: =VLOOKUP(A13,tmat,2,FALSE) -> Perno de Máquina de 5/8" x 10" | C13: C/U | D13: 2 | E13: 2
... A16: VAP2 | B16: =VLOOKUP(A16,tmat,2,FALSE) -> Varilla de Armar Preformado para Cable ASCR # 1/0 AWG | C16: C/U | D16: 3 | E16: 3

Sheet A-III-1N
A1: COD. ENEE | B1: Materiales | C1: Unidad | D1: 34.5 | E1: 13.8
A2: PC | B2: =VLOOKUP(A2,tmat,2,FALSE) -> Perno de Carroceria 3/8" x 5" | C2: C/U | D2: 2 | E2: 2
A3: CR2 | B3: =VLOOKUP(A3,tmat,2,FALSE) -> Crucete de Madera Curada de 4" x 5" x 96" | C3: C/U | D3: 1 | E3: 1
A4: TP | B4: =VLOOKUP(A4,tmat,2,FALSE) -> Tirante de Pletina de 1/4" x 1-1/4" x 30" | C4: C/U | D4: 2 | E4: 2
A5: PM10 | B5: =VLOOKUP(A5,tmat,2,FALSE) -> Perno de Máquina de 1/2" x 10" | C5: C/U | D5: 1 | E5: 1
A6: AA1 | B6: =VLOOKUP(A6,tmat,2,FALSE) -> Alambre de Amarre N° 6 | C6: Pie | D6: 4 | E6: 4
A7: AE2 | B7: =VLOOKUP(A7,tmat,2,FALSE) -> Aislador de Espiga ANSI C 56-3 | C7: C/U | D7: 3 | E7: 3
A8: AE1 | B8: =VLOOKUP(A8,tmat,2,FALSE) -> Aislador de Espiga ANSI C 55-4 | C8: C/U | D8: 1 | E8: 1
A9: VAP2 | B9: =VLOOKUP(A9,tmat,2,FALSE) -> Varilla de Armar Preformado para Cable ASCR # 1/0 AWG | C9: C/U | D9: 4 | E9: 4
A10: AR1 | B10: =VLOOKUP(A10,tmat,2,FALSE) -> Arandela Cuadrada 3/16" x 2-1/4" x 2-1/4", Ø=11/16" | C10: C/U | D10: 4 | E10: 4
A11: EC1 | B11: =VLOOKUP(A11,tmat,2,FALSE) -> Espiga para Cruceta de Madera, L=6" Rosca 1", Φ = 3/4" | C11: C/U | D11: 2 | E11: 2
A12: EC2 | B12: =VLOOKUP(A12,tmat,2,FALSE) -> Espiga para Cruceta de Madera, L=8" Rosca 1-3/8", Φ = 3/4" | C12: C/U | D12: 3 | E12: 3
A13: PM4 | B13: =VLOOKUP(A13,tmat,2,FALSE) -> Perno de Máquina de 5/8" x 14" | C13: C/U | D13: 1 | E13: 1
... A16: PM2 | B16: =VLOOKUP(A16,tmat,2,FALSE) -> Perno de Máquina de 5/8" x 10" | C16: C/U | D16: 2 | E16: 2

Sheet A-III-1V
A1: COD. ENEE | B1: Materiales | C1: Unidad | D1: 34.5 | E1: 13.8
A2: AR1 | B2: =VLOOKUP(A2,tmat,2,FALSE) -> Arandela Cuadrada 3/16" x 2-1/4" x 2-1/4", Ø=11/16" | C2: C/U | D2: 3 | E2: 3
A3: AA1 | B3: =VLOOKUP(A3,tmat,2,FALSE) -> Alambre de Amarre N° 6 | C3: Pie | D3: 30 | E3: 30
A4: AE2 | B4: =VLOOKUP(A4,tmat,2,FALSE) -> Aislador de Espiga ANSI C 56-3 | C4: C/U | D4: 3 | E4: 0
A5: AE1 | B5: =VLOOKUP(A5,tmat,2,FALSE) -> Aislador de Espiga ANSI C 55-4 | C5: C/U | D5: 0 | E5: 3
A6: VAP2 | B6: =VLOOKUP(A6,tmat,2,FALSE) -> Varilla de Armar Preformado para Cable ASCR # 1/0 AWG | C6: C/U | D6: 3 | E6: 3
A7: PM1 | B7: =VLOOKUP(A7,tmat,2,FALSE) -> Perno de Máquina de 5/8" x 8" | C7: C/U | D7: 1 | E7: 1
A8: PM4 | B8: =VLOOKUP(A8,tmat,2,FALSE) -> Perno de Máquina de 5/8" x 14" | C8: C/U | D8: 1 | E8: 1
A9: CR3 | B9: =VLOOKUP(A9,tmat,2,FALSE) -> Crucete de Madera Curada de 4" x 5" x 96" /Voladizo | C9: C/U | D9: 1 | E9: 1
A10: PAN1 | B10: =VLOOKUP(A10,tmat,2,FALSE) -> Puntal Angular de 60", 1-3/4" x 1-3/4" x 3/16" | C10: C/U | D10: 1 | E10: 1
A11: PM10 | B11: =VLOOKUP(A11,tmat,2,FALSE) -> Perno de Máquina de 1/2" x 10" | C11: C/U | D11: 1 | E11: 1
A12: EC1 | B12: =VLOOKUP(A12,tmat,2,FALSE) -> Espiga para Cruceta de Madera, L=6" Rosca 1", Φ = 3/4" | C12: C/U | D12: 3 | E12: 0
A13: EC2 | B13: =VLOOKUP(A13,tmat,2,FALSE) -> Espiga para Cruceta de Madera, L=8" Rosca 1-3/8", Φ = 3/4" | C13: C/U | D13: 0 | E13: 3

Sheet A-III-2
A1: COD. ENEE | B1: Materiales | C1: Unidad | D1: 34.5 | E1: 13.8
A2: AR1 | B2: =VLOOKUP(A2,tmat,2,FALSE) -> Arandela Cuadrada 3/16" x 2-1/4" x 2-1/4", Ø=11/16" | C2: C/U | D2: 12 | E2: 12
A3: PM1 | B3: =VLOOKUP(A3,tmat,2,FALSE) -> Perno de Máquina de 5/8" x 8" | C3: C/U | D3: 8 | E3: 8
A4: PAN1 | B4: =VLOOKUP(A4,tmat,2,FALSE) -> Puntal Angular de 60", 1-3/4" x 1-3/4" x 3/16" | C4: C/U | D4: 2 | E4: 2
A5: EC1 | B5: =VLOOKUP(A5,tmat,2,FALSE) -> Espiga para Cruceta de Madera, L=6" Rosca 1", Φ = 3/4" | C5: C/U | D5: 0 | E5: 6
A6: EC2 | B6: =VLOOKUP(A6,tmat,2,FALSE) -> Espiga para Cruceta de Madera, L=8" Rosca 1-3/8", Φ = 3/4" | C6: C/U | D6: 6 | E6: 0
A7: CR3 | B7: =VLOOKUP(A7,tmat,2,FALSE) -> Crucete de Madera Curada de 4" x 5" x 96" /Voladizo | C7: C/U | D7: 2 | E7: 2
A8: PM10 | B8: =VLOOKUP(A8,tmat,2,FALSE) -> Perno de Máquina de 1/2" x 10" | C8: C/U | D8: 2 | E8: 2
A9: PRC5 | B9: =VLOOKUP(A9,tmat,2,FALSE) -> Perno de Rosca Corrida 5/8" x 20" | C9: C/U | D9: 3 | E9: 3
A10: AA1 | B10: =VLOOKUP(A10,tmat,2,FALSE) -> Alambre de Amarre N° 6 | C10: Pie | D10: 10 | E10: 10
A11: AE2 | B11: =VLOOKUP(A11,tmat,2,FALSE) -> Aislador de Espiga ANSI C 56-3 | C11: C/U | D11: 6 | E11: 0
A12: AE1 | B12: =VLOOKUP(A12,tmat,2,FALSE) -> Aislador de Espiga ANSI C 55-4 | C12: C/U | D12: 0 | E12: 6
A13: VAP2 | B13: =VLOOKUP(A13,tmat,2,FALSE) -> Varilla de Armar Preformado para Cable ASCR # 1/0 AWG | C13: C/U | D13: 3 | E13: 3

Sheet A-III-2N
A1: COD. ENEE | B1: Materiales | C1: Unidad | D1: 34.5 | E1: 13.8
A2: AR1 | B2: =VLOOKUP(A2,tmat,2,FALSE) -> Arandela Cuadrada 3/16" x 2-1/4" x 2-1/4", Ø=11/16" | C2: C/U | D2: 8 | E2: 8
A3: PM1 | B3: =VLOOKUP(A3,tmat,2,FALSE) -> Perno de Máquina de 5/8" x 8" | C3: C/U | D3: 4 | E3: 4
A4: PAN1 | B4: =VLOOKUP(A4,tmat,2,FALSE) -> Puntal Angular de 60", 1-3/4" x 1-3/4" x 3/16" | C4: C/U | D4: 1 | E4: 1
A5: EC1 | B5: =VLOOKUP(A5,tmat,2,FALSE) -> Espiga para Cruceta de Madera, L=6" Rosca 1", Φ = 3/4" | C5: C/U | D5: 2 | E5: 2
A6: EC2 | B6: =VLOOKUP(A6,tmat,2,FALSE) -> Espiga para Cruceta de Madera, L=8" Rosca 1-3/8", Φ = 3/4" | C6: C/U | D6: 2 | E6: 2
A7: CR3 | B7: =VLOOKUP(A7,tmat,2,FALSE) -> Crucete de Madera Curada de 4" x 5" x 96" /Voladizo | C7: C/U | D7: 1 | E7: 1
A8: PM10 | B8: =VLOOKUP(A8,tmat,2,FALSE) -> Perno de Máquina de 1/2" x 10" | C8: C/U | D8: 1 | E8: 1
A9: PRC5 | B9: =VLOOKUP(A9,tmat,2,FALSE) -> Perno de Rosca Corrida 5/8" x 20" | C9: C/U | D9: 1 | E9: 1
A10: AA1 | B10: =VLOOKUP(A10,tmat,2,FALSE) -> Alambre de Amarre N° 6 | C10: Pie | D10: 5 | E10: 5
A11: AE2 | B11: =VLOOKUP(A11,tmat,2,FALSE) -> Aislador de Espiga ANSI C 56-3 | C11: C/U | D11: 2 | E11: 2
A12: AE1 | B12: =VLOOKUP(A12,tmat,2,FALSE) -> Aislador de Espiga ANSI C 55-4 | C12: C/U | D12: 0 | E12: 2
A13: VAP2 | B13: =VLOOKUP(A13,tmat,2,FALSE) -> Varilla de Armar Preformado para Cable ASCR # 1/0 AWG | C13: C/U | D13: 4 | E13: 4

Sheet A-III-2V
A1: COD. ENEE | B1: Materiales | C1: Unidad | D1: 34.5 | E1: 13.8
A2: AA1 | B2: =VLOOKUP(A2,tmat,2,FALSE) -> Alambre de Amarre N° 6 | C2: Pie | D2: 30 | E2: 30
A3: AE2 | B3: =VLOOKUP(A3,tmat,2,FALSE) -> Aislador de Espiga ANSI C 56-3 | C3: C/U | D3: 6 | E3: 0
A4: AE1 | B4: =VLOOKUP(A4,tmat,2,FALSE) -> Aislador de Espiga ANSI C 55-4 | C4: C/U | D4: 0 | E4: 6
A5: VAP2 | B5: =VLOOKUP(A5,tmat,2,FALSE) -> Varilla de Armar Preformado para Cable ASCR # 1/0 AWG | C5: C/U | D5: 3 | E5: 3
A6: AR1 | B6: =VLOOKUP(A6,tmat,2,FALSE) -> Arandela Cuadrada 3/16" x 2-1/4" x 2-1/4", Ø=11/16" | C6: C/U | D6: 12 | E6: 12
A7: PM1 | B7: =VLOOKUP(A7,tmat,2,FALSE) -> Perno de Máquina de 5/8" x 8" | C7: C/U | D7: 8 | E7: 2
A8: PAN1 | B8: =VLOOKUP(A8,tmat,2,FALSE) -> Puntal Angular de 60", 1-3/4" x 1-3/4" x 3/16" | C8: C/U | D8: 2 | E8: 2
A9: EC1 | B9: =VLOOKUP(A9,tmat,2,FALSE) -> Espiga para Cruceta de Madera, L=6" Rosca 1", Φ = 3/4" | C9: C/U | D9: 0 | E9: 6
A10: EC2 | B10: =VLOOKUP(A10,tmat,2,FALSE) -> Espiga para Cruceta de Madera, L=8" Rosca 1-3/8", Φ = 3/4" | C10: C/U | D10: 6 | E10: 0
A11: CR3 | B11: =VLOOKUP(A11,tmat,2,FALSE) -> Crucete de Madera Curada de 4" x 5" x 96" /Voladizo | C11: C/U | D11: 2 | E11: 2
A12: PM10 | B12: =VLOOKUP(A12,tmat,2,FALSE) -> Perno de Máquina de 1/2" x 10" | C12: C/U | D12: 2 | E12: 2
A13: PRC5 | B13: =VLOOKUP(A13,tmat,2,FALSE) -> Perno de Rosca Corrida 5/8" x 20" | C13: C/U | D13: 3 | E13: 3

Sheet A-III-3
A1: COD. ENEE | B1: Materiales | C1: Unidad | D1: 34.5 | E1: 13.8
A2: AS2 | B2: =VLOOKUP(A2,tmat,2,FALSE) -> Aislador de Suspensión ANSI C 52-9 | C2: C/U | D2: 9 | E2: 6
A3: AR1 | B3: =VLOOKUP(A3,tmat,2,FALSE) -> Arandela Cuadrada 3/16" x 2-1/4" x 2-1/4", Ø=11/16" | C3: C/U | D3: 6 | E3: 6
A4: PRC1 | B4: =VLOOKUP(A4,tmat,2,FALSE) -> Perno de Rosca Corrida 5/8" x 12" | C4: C/U | D4: 3 | E4: 3
A5: TO1 | B5: =VLOOKUP(A5,tmat,2,FALSE) -> Tuerca de Ojo de 5/8" | C5: C/U | D5: 3 | E5: 3
A6: GS1 | B6: =VLOOKUP(A6,tmat,2,FALSE) -> Grapa de Suspensión para Conductor (1/0- 477) | C6: C/U | D6: 3 | E6: 3
A7: VAP2 | B7: =VLOOKUP(A7,tmat,2,FALSE) -> Varilla de Armar Preformado para Cable ASCR # 1/0 AWG | C7: C/U | D7: 3 | E7: 3

Sheet A-III-4
A1: COD. ENEE | B1: Materiales | C1: Unidad | D1: 34.5 | E1: 13.8
A2: AR1 | B2: =VLOOKUP(A2,tmat,2,FALSE) -> Arandela Cuadrada 3/16" x 2-1/4" x 2-1/4", Ø=11/16" | C2: C/U | D2: 10 | E2: 10
A3: PC | B3: =VLOOKUP(A3,tmat,2,FALSE) -> Perno de Carroceria 3/8" x 5" | C3: C/U | D3: 4 | E3: 4
A4: AS2 | B4: =VLOOKUP(A4,tmat,2,FALSE) -> Aislador de Suspensión ANSI C 52-9 | C4: C/U | D4: 9 | E4: 6
A5: CR2 | B5: =VLOOKUP(A5,tmat,2,FALSE) -> Crucete de Madera Curada de 4" x 5" x 96" | C5: C/U | D5: 2 | E5: 2
A6: GT4 | B6: =VLOOKUP(A6,tmat,2,FALSE) -> Grapa Terminal tipo Recto para Conductor (1/0 - 4/0) | C6: C/U | D6: 3 | E6: 3
A7: TP | B7: =VLOOKUP(A7,tmat,2,FALSE) -> Tirante de Pletina de 1/4" x 1-1/4" x 30" | C7: C/U | D7: 4 | E7: 4
A8: PM10 | B8: =VLOOKUP(A8,tmat,2,FALSE) -> Perno de Máquina de 1/2" x 10" | C8: C/U | D8: 2 | E8: 2
A9: PRC5 | B9: =VLOOKUP(A9,tmat,2,FALSE) -> Perno de Rosca Corrida 5/8" x 20" | C9: C/U | D9: 3 | E9: 3
A10: TO1 | B10: =VLOOKUP(A10,tmat,2,FALSE) -> Tuerca de Ojo de 5/8" | C10: C/U | D10: 3 | E10: 3

Sheet A-III-4A
A1: COD. ENEE | B1: Materiales | C1: Unidad | D1: 34.5 | E1: 13.8
A2: AS2 | B2: =VLOOKUP(A2,tmat,2,FALSE) -> Aislador de Suspensión ANSI C 52-9 | C2: C/U | D2: 6 | E2: 6
A3: AA1 | B3: =VLOOKUP(A3,tmat,2,FALSE) -> Alambre de Amarre N° 6 | C3: Pie | D3: 15 | E3: 15
A4: EC1 | B4: =VLOOKUP(A4,tmat,2,FALSE) -> Espiga para Cruceta de Madera, L=6" Rosca 1", Φ = 3/4" | C4: C/U | D4: 2 | E4: 2
A5: EC2 | B5: =VLOOKUP(A5,tmat,2,FALSE) -> Espiga para Cruceta de Madera, L=8" Rosca 1-3/8", Φ = 3/4" | C5: C/U | D5: 2 | E5: 2
A6: GT4 | B6: =VLOOKUP(A6,tmat,2,FALSE) -> Grapa Terminal tipo Recto para Conductor (1/0 - 4/0) | C6: C/U | D6: 3 | E6: 3
A7: TO1 | B7: =VLOOKUP(A7,tmat,2,FALSE) -> Tuerca de Ojo de 5/8" | C7: C/U | D7: 3 | E7: 3
A8: AE2 | B8: =VLOOKUP(A8,tmat,2,FALSE) -> Aislador de Espiga ANSI C 56-3 | C8: C/U | D8: 3 | E8: 3
A9: AE1 | B9: =VLOOKUP(A9,tmat,2,FALSE) -> Aislador de Espiga ANSI C 55-4 | C9: C/U | D9: 0 | E9: 3
A10: EP1 | B10: =VLOOKUP(A10,tmat,2,FALSE) -> Espiga Punta de Poste tipo Recta, 13.8 KV, L=18" Rosca 1" | C10: C/U | D10: 1 | E10: 0
A11: EP2 | B11: =VLOOKUP(A11,tmat,2,FALSE) -> Espiga Punta de Poste tipo Recta, 34.5 KV, L=20" Rosca 1-3/8" | C11: C/U | D11: 0 | E11: 1
A12: PM2 | B12: =VLOOKUP(A12,tmat,2,FALSE) -> Perno de Máquina de 5/8" x 10" | C12: C/U | D12: 2 | E12: 2
A13: AR1 | B13: =VLOOKUP(A13,tmat,2,FALSE) -> Arandela Cuadrada 3/16" x 2-1/4" x 2-1/4", Ø=11/16" | C13: C/U | D13: 2 | E13: 2
A14: CC2 | B14: =VLOOKUP(A14,tmat,2,FALSE) -> Conector de Compresión YC 25A25 (1/0-1/0) | C14: C/U | D14: 3 | E14: 3

Sheet A-III-4D
A1: COD. ENEE | B1: Materiales | C1: Unidad | D1: 34.5 | E1: 13.8
A2: AR1 | B2: =VLOOKUP(A2,tmat,2,FALSE) -> Arandela Cuadrada 3/16" x 2-1/4" x 2-1/4", Ø=11/16" | C2: C/U | D2: 10 | E2: 10
A3: PC | B3: =VLOOKUP(A3,tmat,2,FALSE) -> Perno de Carroceria 3/8" x 5" | C3: C/U | D3: 4 | E3: 4
A4: AS2 | B4: =VLOOKUP(A4,tmat,2,FALSE) -> Aislador de Suspensión ANSI C 52-9 | C4: C/U | D4: 6 | E4: 6
A5: CR2 | B5: =VLOOKUP(A5,tmat,2,FALSE) -> Crucete de Madera Curada de 4" x 5" x 96" | C5: C/U | D5: 2 | E5: 2
A6: TP | B6: =VLOOKUP(A6,tmat,2,FALSE) -> Tirante de Pletina de 1/4" x 1-1/4" x 30" | C6: C/U | D6: 4 | E6: 4
A7: PM10 | B7: =VLOOKUP(A7,tmat,2,FALSE) -> Perno de Máquina de 1/2" x 10" | C7: C/U | D7: 2 | E7: 2
A8: TO1 | B8: =VLOOKUP(A8,tmat,2,FALSE) -> Tuerca de Ojo de 5/8" | C8: C/U | D8: 3 | E8: 3
A9: AA1 | B9: =VLOOKUP(A9,tmat,2,FALSE) -> Alambre de Amarre N° 6 | C9: Pie | D9: 10 | E9: 10
A10: EC1 | B10: =VLOOKUP(A10,tmat,2,FALSE) -> Espiga para Cruceta de Madera, L=6" Rosca 1", Φ = 3/4" | C10: C/U | D10: 2 | E10: 2
A11: EC2 | B11: =VLOOKUP(A11,tmat,2,FALSE) -> Espiga para Cruceta de Madera, L=8" Rosca 1-3/8", Φ = 3/4" | C11: C/U | D11: 3 | E11: 3
A12: PRC5 | B12: =VLOOKUP(A12,tmat,2,FALSE) -> Perno de Rosca Corrida 5/8" x 20" | C12: C/U | D12: 3 | E12: 3
A13: GT4 | B13: =VLOOKUP(A13,tmat,2,FALSE) -> Grapa Terminal tipo Recto para Conductor (1/0 - 4/0) | C13: C/U | D13: 3 | E13: 3
... A16: CC2 | B16: =VLOOKUP(A16,tmat,2,FALSE) -> Conector de Compresión YC 25A25 (1/0-1/0) | C16: C/U | D16: 3 | E16: 3

Sheet A-III-4E
A1: COD. ENEE | B1: Materiales | C1: Unidad | D1: 34.5 | E1: 13.8
A2: AR1 | B2: =VLOOKUP(A2,tmat,2,FALSE) -> Arandela Cuadrada 3/16" x 2-1/4" x 2-1/4", Ø=11/16" | C2: C/U | D2: 10 | E2: 10
A3: PC | B3: =VLOOKUP(A3,tmat,2,FALSE) -> Perno de Carroceria 3/8" x 5" | C3: C/U | D3: 4 | E3: 4
A4: AS2 | B4: =VLOOKUP(A4,tmat,2,FALSE) -> Aislador de Suspensión ANSI C 52-9 | C4: C/U | D4: 6 | E4: 6
A5: CR2 | B5: =VLOOKUP(A5,tmat,2,FALSE) -> Crucete de Madera Curada de 4" x 5" x 96" | C5: C/U | D5: 2 | E5: 2
A6: TP | B6: =VLOOKUP(A6,tmat,2,FALSE) -> Tirante de Pletina de 1/4" x 1-1/4" x 30" | C6: C/U | D6: 4 | E6: 4
A7: PM10 | B7: =VLOOKUP(A7,tmat,2,FALSE) -> Perno de Máquina de 1/2" x 10" | C7: C/U | D7: 2 | E7: 2
A8: TO1 | B8: =VLOOKUP(A8,tmat,2,FALSE) -> Tuerca de Ojo de 5/8" | C8: C/U | D8: 2 | E8: 2
A9: AA1 | B9: =VLOOKUP(A9,tmat,2,FALSE) -> Alambre de Amarre N° 6 | C9: Pie | D9: 5 | E9: 5
A10: EC1 | B10: =VLOOKUP(A10,tmat,2,FALSE) -> Espiga para Cruceta de Madera, L=6" Rosca 1", Φ = 3/4" | C10: C/U | D10: 1 | E10: 1
A11: EC2 | B11: =VLOOKUP(A11,tmat,2,FALSE) -> Espiga para Cruceta de Madera, L=8" Rosca 1-3/8", Φ = 3/4" | C11: C/U | D11: 3 | E11: 3
A12: PRC5 | B12: =VLOOKUP(A12,tmat,2,FALSE) -> Perno de Rosca Corrida 5/8" x 20" | C12: C/U | D12: 3 | E12: 3
A13: GT4 | B13: =VLOOKUP(A13,tmat,2,FALSE) -> Grapa Terminal tipo Recto para Conductor (1/0 - 4/0) | C13: C/U | D13: 3 | E13: 3
... A16: CC2 | B16: =VLOOKUP(A16,tmat,2,FALSE) -> Conector de Compresión YC 25A25 (1/0-1/0) | C16: C/U | D16: 3 | E16: 3

Sheet A-III-4N
A1: COD. ENEE | B1: Materiales | C1: Unidad | D1: 34.5 | E1: 13.8
A2: AR1 | B2: =VLOOKUP(A2,tmat,2,FALSE) -> Arandela Cuadrada 3/16" x 2-1/4" x 2-1/4", Ø=11/16" | C2: C/U | D2: 14 | E2: 14
A3: PC | B3: =VLOOKUP(A3,tmat,2,FALSE) -> Perno de Carroceria 3/8" x 5" | C3: C/U | D3: 4 | E3: 4
A4: AS2 | B4: =VLOOKUP(A4,tmat,2,FALSE) -> Aislador de Suspensión ANSI C 52-9 | C4: C/U | D4: 10 | E4: 7
A5: CR2 | B5: =VLOOKUP(A5,tmat,2,FALSE) -> Crucete de Madera Curada de 4" x 5" x 96" | C5: C/U | D5: 2 | E5: 2
A6: GT4 | B6: =VLOOKUP(A6,tmat,2,FALSE) -> Grapa Terminal tipo Recto para Conductor (1/0 - 4/0) | C6: C/U | D6: 4 | E6: 4
A7: TP | B7: =VLOOKUP(A7,tmat,2,FALSE) -> Tirante de Pletina de 1/4" x 1-1/4" x 30" | C7: C/U | D7: 4 | E7: 4
A8: PM10 | B8: =VLOOKUP(A8,tmat,2,FALSE) -> Perno de Máquina de 1/2" x 10" | C8: C/U | D8: 1 | E8: 1
A9: PRC5 | B9: =VLOOKUP(A9,tmat,2,FALSE) -> Perno de Rosca Corrida 5/8" x 20" | C9: C/U | D9: 3 | E9: 3
A10: TO1 | B10: =VLOOKUP(A10,tmat,2,FALSE) -> Tuerca de Ojo de 5/8" | C10: C/U | D10: 4 | E10: 4

Sheet A-III-4V
A1: COD. ENEE | B1: Materiales | C1: Unidad | D1: 34.5 | E1: 13.8
A2: AR1 | B2: =VLOOKUP(A2,tmat,2,FALSE) -> Arandela Cuadrada 3/16" x 2-1/4" x 2-1/4", Ø=11/16" | C2: C/U | D2: 10 | E2: 10
A3: PC | B3: =VLOOKUP(A3,tmat,2,FALSE) -> Perno de Carroceria 3/8" x 5" | C3: C/U | D3: 4 | E3: 4
A4: AS2 | B4: =VLOOKUP(A4,tmat,2,FALSE) -> Aislador de Suspensión ANSI C 52-9 | C4: C/U | D4: 6 | E4: 6
A5: CR2 | B5: =VLOOKUP(A5,tmat,2,FALSE) -> Crucete de Madera Curada de 4" x 5" x 96" | C5: C/U | D5: 2 | E5: 2
A6: TP | B6: =VLOOKUP(A6,tmat,2,FALSE) -> Tirante de Pletina de 1/4" x 1-1/4" x 30" | C6: C/U | D6: 4 | E6: 4
A7: TG1 | B7: =VLOOKUP(A7,tmat,2,FALSE) -> Tornillo Goloso de 1/2" x 4" | C7: C/U | D7: 2 | E7: 2
A8: TO1 | B8: =VLOOKUP(A8,tmat,2,FALSE) -> Tuerca de Ojo de 5/8" | C8: C/U | D8: 3 | E8: 3
A9: AA1 | B9: =VLOOKUP(A9,tmat,2,FALSE) -> Alambre de Amarre N° 6 | C9: Pie | D9: 10 | E9: 10
A10: EC1 | B10: =VLOOKUP(A10,tmat,2,FALSE) -> Espiga para Cruceta de Madera, L=6" Rosca 1", Φ = 3/4" | C10: C/U | D10: 2 | E10: 2
A11: EC2 | B11: =VLOOKUP(A11,tmat,2,FALSE) -> Espiga para Cruceta de Madera, L=8" Rosca 1-3/8", Φ = 3/4" | C11: C/U | D11: 2 | E11: 2
A12: PRC5 | B12: =VLOOKUP(A12,tmat,2,FALSE) -> Perno de Rosca Corrida 5/8" x 20" | C12: C/U | D12: 2 | E12: 2
A13: AE2 | B13: =VLOOKUP(A13,tmat,2,FALSE) -> Aislador de Espiga ANSI C 56-3 | C13: C/U | D13: 2 | E13: 2
A14: AE1 | B14: =VLOOKUP(A14,tmat,2,FALSE) -> Aislador de Espiga ANSI C 55-4 | C14: C/U | D14: 0 | E14: 2

Sheet A-III-5
A1: COD. ENEE | B1: Materiales | C1: Unidad | D1: 34.5 | E1: 13.8
A2: AR1 | B2: =VLOOKUP(A2,tmat,2,FALSE) -> Arandela Cuadrada 3/16" x 2-1/4" x 2-1/4", Ø=11/16" | C2: C/U | D2: 14 | E2: 14
A3: PC | B3: =VLOOKUP(A3,tmat,2,FALSE) -> Perno de Carroceria 3/8" x 5" | C3: C/U | D3: 4 | E3: 4
A4: AS2 | B4: =VLOOKUP(A4,tmat,2,FALSE) -> Aislador de Suspensión ANSI C 52-9 | C4: C/U | D4: 18 | E4: 12
A5: CR2 | B5: =VLOOKUP(A5,tmat,2,FALSE) -> Crucete de Madera Curada de 4" x 5" x 96" | C5: C/U | D5: 2 | E5: 2
A6: TP | B6: =VLOOKUP(A6,tmat,2,FALSE) -> Tirante de Pletina de 1/4" x 1-1/4" x 30" | C6: C/U | D6: 4 | E6: 4
A7: PM10 | B7: =VLOOKUP(A7,tmat,2,FALSE) -> Perno de Máquina de 1/2" x 10" | C7: C/U | D7: 1 | E7: 1
A8: TO1 | B8: =VLOOKUP(A8,tmat,2,FALSE) -> Tuerca de Ojo de 5/8" | C8: C/U | D8: 6 | E8: 6
A9: AA1 | B9: =VLOOKUP(A9,tmat,2,FALSE) -> Alambre de Amarre N° 6 | C9: Pie | D9: 15 | E9: 15
A10: EC1 | B10: =VLOOKUP(A10,tmat,2,FALSE) -> Espiga para Cruceta de Madera, L=6" Rosca 1", Φ = 3/4" | C10: C/U | D10: 2 | E10: 2
A11: EC2 | B11: =VLOOKUP(A11,tmat,2,FALSE) -> Espiga para Cruceta de Madera, L=8" Rosca 1-3/8", Φ = 3/4" | C11: C/U | D11: 3 | E11: 3
A12: PRC5 | B12: =VLOOKUP(A12,tmat,2,FALSE) -> Perno de Rosca Corrida 5/8" x 20" | C12: C/U | D12: 3 | E12: 3
A13: GT4 | B13: =VLOOKUP(A13,tmat,2,FALSE) -> Grapa Terminal tipo Recto para Conductor (1/0 - 4/0) | C13: C/U | D13: 6 | E13: 6
... A19: PM2 | B19: =VLOOKUP(A19,tmat,2,FALSE) -> Perno de Máquina de 5/8" x 10" | C19: C/U | D19: 2 | E19: 2

Sheet A-III-5N
A1: COD. ENEE | B1: Materiales | C1: Unidad | D1: 34.5 | E1: 13.8
A2: AR1 | B2: =VLOOKUP(A2,tmat,2,FALSE) -> Arandela Cuadrada 3/16" x 2-1/4" x 2-1/4", Ø=11/16" | C2: C/U | D2: 4 | E2: 4
A3: PC | B3: =VLOOKUP(A3,tmat,2,FALSE) -> Perno de Carroceria 3/8" x 5" | C3: C/U | D3: 4 | E3: 4
A4: AS2 | B4: =VLOOKUP(A4,tmat,2,FALSE) -> Aislador de Suspensión ANSI C 52-9 | C4: C/U | D4: 14 | E4: 14
A5: CR2 | B5: =VLOOKUP(A5,tmat,2,FALSE) -> Crucete de Madera Curada de 4" x 5" x 96" | C5: C/U | D5: 2 | E5: 2
A6: TP | B6: =VLOOKUP(A6,tmat,2,FALSE) -> Tirante de Pletina de 1/4" x 1-1/4" x 30" | C6: C/U | D6: 4 | E6: 4
A7: PM10 | B7: =VLOOKUP(A7,tmat,2,FALSE) -> Perno de Máquina de 1/2" x 10" | C7: C/U | D7: 1 | E7: 1
A8: PRC5 | B8: =VLOOKUP(A8,tmat,2,FALSE) -> Perno de Rosca Corrida 5/8" x 20" | C8: C/U | D8: 3 | E8: 3
A9: TO1 | B9: =VLOOKUP(A9,tmat,2,FALSE) -> Tuerca de Ojo de 5/8" | C9: C/U | D9: 8 | E9: 8
A10: AA1 | B10: =VLOOKUP(A10,tmat,2,FALSE) -> Alambre de Amarre N° 6 | C10: Pie | D10: 15 | E10: 15
A11: EC1 | B11: =VLOOKUP(A11,tmat,2,FALSE) -> Espiga para Cruceta de Madera, L=6" Rosca 1", Φ = 3/4" | C11: C/U | D11: 2 | E11: 2
A12: EC2 | B12: =VLOOKUP(A12,tmat,2,FALSE) -> Espiga para Cruceta de Madera, L=8" Rosca 1-3/8", Φ = 3/4" | C12: C/U | D12: 4 | E12: 4
A13: PM2 | B13: =VLOOKUP(A13,tmat,2,FALSE) -> Perno de Máquina de 5/8" x 10" | C13: C/U | D13: 2 | E13: 2
... A19: EP2 | B19: =VLOOKUP(A19,tmat,2,FALSE) -> Espiga Punta de Poste tipo Recta, 34.5 KV, L=20" Rosca 1-3/8" | C19: C/U | D19: 0 | E19: 1

Sheet A-III-5R
A1: COD. ENEE | B1: Materiales | C1: Unidad | D1: 34.5 | E1: 13.8
A2: AR1 | B2: =VLOOKUP(A2,tmat,2,FALSE) -> Arandela Cuadrada 3/16" x 2-1/4" x 2-1/4", Ø=11/16" | C2: C/U | D2: 6 | E2: 6
A3: PRC3 | B3: =VLOOKUP(A3,tmat,2,FALSE) -> Perno de Rosca Corrida 5/8" x 16" | C3: C/U | D3: 3 | E3: 3
A4: TO1 | B4: =VLOOKUP(A4,tmat,2,FALSE) -> Tuerca de Ojo de 5/8" | C4: C/U | D4: 6 | E4: 6
A5: EC2 | B5: =VLOOKUP(A5,tmat,2,FALSE) -> Espiga para Cruceta de Madera, L=8" Rosca 1-3/8", Φ = 3/4" | C5: C/U | D5: 1 | E5: 1
A6: EC1 | B6: =VLOOKUP(A6,tmat,2,FALSE) -> Espiga para Cruceta de Madera, L=6" Rosca 1", Φ = 3/4" | C6: C/U | D6: 1 | E6: 1
A7: AE2 | B7: =VLOOKUP(A7,tmat,2,FALSE) -> Aislador de Espiga ANSI C 56-3 | C7: C/U | D7: 3 | E7: 3
A8: AE1 | B8: =VLOOKUP(A8,tmat,2,FALSE) -> Aislador de Espiga ANSI C 55-4 | C8: C/U | D8: 0 | E8: 3
A9: CR1 | B9: =VLOOKUP(A9,tmat,2,FALSE) -> Crucete de Madera Curada de 4" x 5" x 48" | C9: C/U | D9: 1 | E9: 1
A10: AA1 | B10: =VLOOKUP(A10,tmat,2,FALSE) -> Alambre de Amarre N° 6 | C10: Pie | D10: 15 | E10: 15
A11: PAN1 | B11: =VLOOKUP(A11,tmat,2,FALSE) -> Puntal Angular de 60", 1-3/4" x 1-3/4" x 3/16" | C11: C/U | D11: 1 | E11: 1
A12: PM10 | B12: =VLOOKUP(A12,tmat,2,FALSE) -> Perno de Máquina de 1/2" x 10" | C12: C/U | D12: 2 | E12: 2
A13: AS2 | B13: =VLOOKUP(A13,tmat,2,FALSE) -> Aislador de Suspensión ANSI C 52-9 | C13: C/U | D13: 18 | E13: 12
... A15: CC2 | B15: =VLOOKUP(A15,tmat,2,FALSE) -> Conector de Compresión YC 25A25 (1/0-1/0) | C15: C/U | D15: 3 | E15: 3

Sheet A-III-5V
A1: COD. ENEE | B1: Materiales | C1: Unidad | D1: 34.5 | E1: 13.8
A2: AR1 | B2: =VLOOKUP(A2,tmat,2,FALSE) -> Arandela Cuadrada 3/16" x 2-1/4" x 2-1/4", Ø=11/16" | C2: C/U | D2: 6 | E2: 6
A3: AS2 | B3: =VLOOKUP(A3,tmat,2,FALSE) -> Aislador de Suspensión ANSI C 52-9 | C3: C/U | D3: 18 | E3: 12
A4: GT4 | B4: =VLOOKUP(A4,tmat,2,FALSE) -> Grapa Terminal tipo Recto para Conductor (1/0 - 4/0) | C4: C/U | D4: 6 | E4: 6
A5: TO1 | B5: =VLOOKUP(A5,tmat,2,FALSE) -> Tuerca de Ojo de 5/8" | C5: C/U | D5: 6 | E5: 6
A6: AA1 | B6: =VLOOKUP(A6,tmat,2,FALSE) -> Alambre de Amarre N° 6 | C6: Pie | D6: 15 | E6: 15
A7: AE2 | B7: =VLOOKUP(A7,tmat,2,FALSE) -> Aislador de Espiga ANSI C 56-3 | C7: C/U | D7: 3 | E7: 3
A8: AE1 | B8: =VLOOKUP(A8,tmat,2,FALSE) -> Aislador de Espiga ANSI C 55-4 | C8: C/U | D8: 0 | E8: 3
A9: PM1 | B9: =VLOOKUP(A9,tmat,2,FALSE) -> Perno de Máquina de 5/8" x 8" | C9: C/U | D9: 2 | E9: 2
A10: CR3 | B10: =VLOOKUP(A10,tmat,2,FALSE) -> Crucete de Madera Curada de 4" x 5" x 96" /Voladizo | C10: C/U | D10: 2 | E10: 2
A11: PAN1 | B11: =VLOOKUP(A11,tmat,2,FALSE) -> Puntal Angular de 60", 1-3/4" x 1-3/4" x 3/16" | C11: C/U | D11: 1 | E11: 1
A12: PM10 | B12: =VLOOKUP(A12,tmat,2,FALSE) -> Perno de Máquina de 1/2" x 10" | C12: C/U | D12: 1 | E12: 1
A13: PRC5 | B13: =VLOOKUP(A13,tmat,2,FALSE) -> Perno de Rosca Corrida 5/8" x 20" | C13: C/U | D13: 2 | E13: 2
... A16: CC2 | B16: =VLOOKUP(A16,tmat,2,FALSE) -> Conector de Compresión YC 25A25 (1/0-1/0) | C16: C/U | D16: 2 | E16: 2

Sheet A-III-6
A1: COD. ENEE | B1: Materiales | C1: Unidad | D1: 34.5 | E1: 13.8
A2: AE1 | B2: =VLOOKUP(A2,tmat,2,FALSE) -> Aislador de Espiga ANSI C 55-4 | C2: C/U | D2: 0 | E2: 2
A3: AE2 | B3: =VLOOKUP(A3,tmat,2,FALSE) -> Aislador de Espiga ANSI C 56-3 | C3: C/U | D3: 2 | E3: 0
A4: AA1 | B4: =VLOOKUP(A4,tmat,2,FALSE) -> Alambre de Amarre N° 6 | C4: Pie | D4: 10 | E4: 10
A5: AR1 | B5: =VLOOKUP(A5,tmat,2,FALSE) -> Arandela Cuadrada 3/16" x 2-1/4" x 2-1/4", Ø=11/16" | C5: C/U | D5: 20 | E5: 20
A6: CC2 | B6: =VLOOKUP(A6,tmat,2,FALSE) -> Conector de Compresión YC 25A25 (1/0-1/0) | C6: C/U | D6: 3 | E6: 3
A7: CR2 | B7: =VLOOKUP(A7,tmat,2,FALSE) -> Crucete de Madera Curada de 4" x 5" x 96" | C7: C/U | D7: 4 | E7: 4
A8: EC1 | B8: =VLOOKUP(A8,tmat,2,FALSE) -> Espiga para Cruceta de Madera, L=6" Rosca 1", Φ = 3/4" | C8: C/U | D8: 0 | E8: 2
A9: EC2 | B9: =VLOOKUP(A9,tmat,2,FALSE) -> Espiga para Cruceta de Madera, L=8" Rosca 1-3/8", Φ = 3/4" | C9: C/U | D9: 2 | E9: 0
A10: GT4 | B10: =VLOOKUP(A10,tmat,2,FALSE) -> Grapa Terminal tipo Recto para Conductor (1/0 - 4/0) | C10: C/U | D10: 6 | E10: 6
A11: PC | B11: =VLOOKUP(A11,tmat,2,FALSE) -> Perno de Carroceria 3/8" x 5" | C11: C/U | D11: 8 | E11: 8
A12: PRC5 | B12: =VLOOKUP(A12,tmat,2,FALSE) -> Perno de Rosca Corrida 5/8" x 20" | C12: C/U | D12: 6 | E12: 6
A13: TP | B13: =VLOOKUP(A13,tmat,2,FALSE) -> Tirante de Pletina de 1/4" x 1-1/4" x 30" | C13: C/U | D13: 8 | E13: 8
... A16: AS2 | B16: =VLOOKUP(A16,tmat,2,FALSE) -> Aislador de Suspensión ANSI C 52-9 | C16: C/U | D16: 18 | E16: 12

Sheet A-III-6A
A1: COD. ENEE | B1: Materiales | C1: Unidad | D1: 34.5 | E1: 13.8
A2: AR1 | B2: =VLOOKUP(A2,tmat,2,FALSE) -> Arandela Cuadrada 3/16" x 2-1/4" x 2-1/4", Ø=11/16" | C2: C/U | D2: 8 | E2: 8
A3: PC | B3: =VLOOKUP(A3,tmat,2,FALSE) -> Perno de Carroceria 3/8" x 5" | C3: C/U | D3: 4 | E3: 4
A4: AS2 | B4: =VLOOKUP(A4,tmat,2,FALSE) -> Aislador de Suspensión ANSI C 52-9 | C4: C/U | D4: 14 | E4: 14
A5: CR2 | B5: =VLOOKUP(A5,tmat,2,FALSE) -> Crucete de Madera Curada de 4" x 5" x 96" | C5: C/U | D5: 4 | E5: 4
A6: TP | B6: =VLOOKUP(A6,tmat,2,FALSE) -> Tirante de Pletina de 1/4" x 1-1/4" x 30" | C6: C/U | D6: 8 | E6: 8
A7: PM10 | B7: =VLOOKUP(A7,tmat,2,FALSE) -> Perno de Máquina de 1/2" x 10" | C7: C/U | D7: 2 | E7: 2
A8: TO1 | B8: =VLOOKUP(A8,tmat,2,FALSE) -> Tuerca de Ojo de 5/8" | C8: C/U | D8: 7 | E8: 7
A9: AA1 | B9: =VLOOKUP(A9,tmat,2,FALSE) -> Alambre de Amarre N° 6 | C9: Pie | D9: 20 | E9: 20
A10: EC1 | B10: =VLOOKUP(A10,tmat,2,FALSE) -> Espiga para Cruceta de Madera, L=6" Rosca 1", Φ = 3/4" | C10: C/U | D10: 2 | E10: 2
A11: EC2 | B11: =VLOOKUP(A11,tmat,2,FALSE) -> Espiga para Cruceta de Madera, L=8" Rosca 1-3/8", Φ = 3/4" | C11: C/U | D11: 6 | E11: 6
A12: PRC5 | B12: =VLOOKUP(A12,tmat,2,FALSE) -> Perno de Rosca Corrida 5/8" x 20" | C12: C/U | D12: 4 | E12: 4
A13: GT4 | B13: =VLOOKUP(A13,tmat,2,FALSE) -> Grapa Terminal tipo Recto para Conductor (1/0 - 4/0) | C13: C/U | D13: 7 | E13: 7
... A16: CC2 | B16: =VLOOKUP(A16,tmat,2,FALSE) -> Conector de Compresión YC 25A25 (1/0-1/0) | C16: C/U | D16: 4 | E16: 4

Sheet A-III-6N
A1: COD. ENEE | B1: Materiales | C1: Unidad | D1: 34.5 | E1: 13.8
A2: AR1 | B2: =VLOOKUP(A2,tmat,2,FALSE) -> Arandela Cuadrada 3/16" x 2-1/4" x 2-1/4", Ø=11/16" | C2: C/U | D2: 8 | E2: 8
A3: PC | B3: =VLOOKUP(A3,tmat,2,FALSE) -> Perno de Carroceria 3/8" x 5" | C3: C/U | D3: 4 | E3: 4
A4: AS2 | B4: =VLOOKUP(A4,tmat,2,FALSE) -> Aislador de Suspensión ANSI C 52-9 | C4: C/U | D4: 14 | E4: 14
A5: CR2 | B5: =VLOOKUP(A5,tmat,2,FALSE) -> Crucete de Madera Curada de 4" x 5" x 96" | C5: C/U | D5: 4 | E5: 4
A6: TP | B6: =VLOOKUP(A6,tmat,2,FALSE) -> Tirante de Pletina de 1/4" x 1-1/4" x 30" | C6: C/U | D6: 8 | E6: 8
A7: PM10 | B7: =VLOOKUP(A7,tmat,2,FALSE) -> Perno de Máquina de 1/2" x 10" | C7: C/U | D7: 2 | E7: 2
A8: TO1 | B8: =VLOOKUP(A8,tmat,2,FALSE) -> Tuerca de Ojo de 5/8" | C8: C/U | D8: 8 | E8: 8
A9: AA1 | B9: =VLOOKUP(A9,tmat,2,FALSE) -> Alambre de Amarre N° 6 | C9: Pie | D9: 20 | E9: 20
A10: EC1 | B10: =VLOOKUP(A10,tmat,2,FALSE) -> Espiga para Cruceta de Madera, L=6" Rosca 1", Φ = 3/4" | C10: C/U | D10: 2 | E10: 2
A11: EC2 | B11: =VLOOKUP(A11,tmat,2,FALSE) -> Espiga para Cruceta de Madera, L=8" Rosca 1-3/8", Φ = 3/4" | C11: C/U | D11: 8 | E11: 8
A12: PRC5 | B12: =VLOOKUP(A12,tmat,2,FALSE) -> Perno de Rosca Corrida 5/8" x 20" | C12: C/U | D12: 4 | E12: 4
A13: GT4 | B13: =VLOOKUP(A13,tmat,2,FALSE) -> Grapa Terminal tipo Recto para Conductor (1/0 - 4/0) | C13: C/U | D13: 8 | E13: 8
... A16: CC2 | B16: =VLOOKUP(A16,tmat,2,FALSE) -> Conector de Compresión YC 25A25 (1/0-1/0) | C16: C/U | D16: 4 | E16: 4

Sheet A-III-7
A1: COD. ENEE | B1: Materiales | C1: Unidad | D1: 34.5 | E1: 13.8
A2: AE1 | B2: =VLOOKUP(A2,tmat,2,FALSE) -> Aislador de Espiga ANSI C 55-4 | C2: C/U | D2: 0 | E2: 4
A3: AE2 | B3: =VLOOKUP(A3,tmat,2,FALSE) -> Aislador de Espiga ANSI C 56-3 | C3: C/U | D3: 4 | E3: 0
A4: AS2 | B4: =VLOOKUP(A4,tmat,2,FALSE) -> Aislador de Suspensión ANSI C 52-9 | C4: C/U | D4: 9 | E4: 9
A5: AA1 | B5: =VLOOKUP(A5,tmat,2,FALSE) -> Alambre de Amarre N° 6 | C5: Pie | D5: 35 | E5: 35
A6: AR1 | B6: =VLOOKUP(A6,tmat,2,FALSE) -> Arandela Cuadrada 3/16" x 2-1/4" x 2-1/4", Ø=11/16" | C6: C/U | D6: 14 | E6: 14
A7: CC2 | B7: =VLOOKUP(A7,tmat,2,FALSE) -> Conector de Compresión YC 25A25 (1/0-1/0) | C7: C/U | D7: 3 | E7: 3
A8: CR2 | B8: =VLOOKUP(A8,tmat,2,FALSE) -> Crucete de Madera Curada de 4" x 5" x 96" | C8: C/U | D8: 3 | E8: 3
A9: EC1 | B9: =VLOOKUP(A9,tmat,2,FALSE) -> Espiga para Cruceta de Madera, L=6" Rosca 1", Φ = 3/4" | C9: C/U | D9: 0 | E9: 3
A10: EC2 | B10: =VLOOKUP(A10,tmat,2,FALSE) -> Espiga para Cruceta de Madera, L=8" Rosca 1-3/8", Φ = 3/4" | C10: C/U | D10: 3 | E10: 0
A11: EP2 | B11: =VLOOKUP(A11,tmat,2,FALSE) -> Espiga Punta de Poste tipo Recta, 34.5 KV, L=20" Rosca 1-3/8" | C11: C/U | D11: 1 | E11: 0
A12: EP1 | B12: =VLOOKUP(A12,tmat,2,FALSE) -> Espiga Punta de Poste tipo Recta, 13.8 KV, L=18" Rosca 1" | C12: C/U | D12: 0 | E12: 1
A13: GT4 | B13: =VLOOKUP(A13,tmat,2,FALSE) -> Grapa Terminal tipo Recto para Conductor (1/0 - 4/0) | C13: C/U | D13: 3 | E13: 3
... A21: VAP2 | B21: =VLOOKUP(A21,tmat,2,FALSE) -> Varilla de Armar Preformado para Cable ASCR # 1/0 AWG | C21: C/U | D21: 3 | E21: 3

Sheet A-III-7A
A1: COD. ENEE | B1: Materiales | C1: Unidad | D1: 34.5 | E1: 13.8
A2: AE1 | B2: =VLOOKUP(A2,tmat,2,FALSE) -> Aislador de Espiga ANSI C 55-4 | C2: C/U | D2: 0 | E2: 3
A3: AE2 | B3: =VLOOKUP(A3,tmat,2,FALSE) -> Aislador de Espiga ANSI C 56-3 | C3: C/U | D3: 3 | E3: 0
A4: AS2 | B4: =VLOOKUP(A4,tmat,2,FALSE) -> Aislador de Suspensión ANSI C 52-9 | C4: C/U | D4: 3 | E4: 2
A5: AA1 | B5: =VLOOKUP(A5,tmat,2,FALSE) -> Alambre de Amarre N° 6 | C5: Pie | D5: 30 | E5: 30
A6: AR1 | B6: =VLOOKUP(A6,tmat,2,FALSE) -> Arandela Cuadrada 3/16" x 2-1/4" x 2-1/4", Ø=11/16" | C6: C/U | D6: 6 | E6: 6
A7: CC2 | B7: =VLOOKUP(A7,tmat,2,FALSE) -> Conector de Compresión YC 25A25 (1/0-1/0) | C7: C/U | D7: 1 | E7: 1
A8: CR2 | B8: =VLOOKUP(A8,tmat,2,FALSE) -> Crucete de Madera Curada de 4" x 5" x 96" | C8: C/U | D8: 1 | E8: 1
A9: EC1 | B9: =VLOOKUP(A9,tmat,2,FALSE) -> Espiga para Cruceta de Madera, L=6" Rosca 1", Φ = 3/4" | C9: C/U | D9: 0 | E9: 2
A10: EC2 | B10: =VLOOKUP(A10,tmat,2,FALSE) -> Espiga para Cruceta de Madera, L=8" Rosca 1-3/8", Φ = 3/4" | C10: C/U | D10: 2 | E10: 0
A11: EP2 | B11: =VLOOKUP(A11,tmat,2,FALSE) -> Espiga Punta de Poste tipo Recta, 34.5 KV, L=20" Rosca 1-3/8" | C11: C/U | D11: 1 | E11: 0
A12: EP1 | B12: =VLOOKUP(A12,tmat,2,FALSE) -> Espiga Punta de Poste tipo Recta, 13.8 KV, L=18" Rosca 1" | C12: C/U | D12: 0 | E12: 1
A13: GT4 | B13: =VLOOKUP(A13,tmat,2,FALSE) -> Grapa Terminal tipo Recto para Conductor (1/0 - 4/0) | C13: C/U | D13: 1 | E13: 1
... A21: VAP2 | B21: =VLOOKUP(A21,tmat,2,FALSE) -> Varilla de Armar Preformado para Cable ASCR # 1/0 AWG | C21: C/U | D21: 3 | E21: 3

Sheet A-III-7B
A1: COD. ENEE | B1: Materiales | C1: Unidad | D1: 34.5 | E1: 13.8
A2: AE1 | B2: =VLOOKUP(A2,tmat,2,FALSE) -> Aislador de Espiga ANSI C 55-4 | C2: C/U | D2: 0 | E2: 4
A3: AE2 | B3: =VLOOKUP(A3,tmat,2,FALSE) -> Aislador de Espiga ANSI C 56-3 | C3: C/U | D3: 4 | E3: 0
A4: AS2 | B4: =VLOOKUP(A4,tmat,2,FALSE) -> Aislador de Suspensión ANSI C 52-9 | C4: C/U | D4: 6 | E4: 4
A5: AA1 | B5: =VLOOKUP(A5,tmat,2,FALSE) -> Alambre de Amarre N° 6 | C5: Pie | D5: 35 | E5: 35
A6: AR1 | B6: =VLOOKUP(A6,tmat,2,FALSE) -> Arandela Cuadrada 3/16" x 2-1/4" x 2-1/4", Ø=11/16" | C6: C/U | D6: 14 | E6: 14
A7: CC2 | B7: =VLOOKUP(A7,tmat,2,FALSE) -> Conector de Compresión YC 25A25 (1/0-1/0) | C7: C/U | D7: 2 | E7: 2
A8: CR2 | B8: =VLOOKUP(A8,tmat,2,FALSE) -> Crucete de Madera Curada de 4" x 5" x 96" | C8: C/U | D8: 3 | E8: 3
A9: EC1 | B9: =VLOOKUP(A9,tmat,2,FALSE) -> Espiga para Cruceta de Madera, L=6" Rosca 1", Φ = 3/4" | C9: C/U | D9: 0 | E9: 3
A10: EC2 | B10: =VLOOKUP(A10,tmat,2,FALSE) -> Espiga para Cruceta de Madera, L=8" Rosca 1-3/8", Φ = 3/4" | C10: C/U | D10: 3 | E10: 0
A11: EP2 | B11: =VLOOKUP(A11,tmat,2,FALSE) -> Espiga Punta de Poste tipo Recta, 34.5 KV, L=20" Rosca 1-3/8" | C11: C/U | D11: 1 | E11: 0
A12: EP1 | B12: =VLOOKUP(A12,tmat,2,FALSE) -> Espiga Punta de Poste tipo Recta, 13.8 KV, L=18" Rosca 1" | C12: C/U | D12: 0 | E12: 1
A13: GT4 | B13: =VLOOKUP(A13,tmat,2,FALSE) -> Grapa Terminal tipo Recto para Conductor (1/0 - 4/0) | C13: C/U | D13: 2 | E13: 2
... A21: VAP2 | B21: =VLOOKUP(A21,tmat,2,FALSE) -> Varilla de Armar Preformado para Cable ASCR # 1/0 AWG | C21: C/U | D21: 3 | E21: 3

Sheet A-III-7V
A1: COD. ENEE | B1: Materiales | C1: Unidad | D1: 34.5 | E1: 13.8
A2: AE1 | B2: =VLOOKUP(A2,tmat,2,FALSE) -> Aislador de Espiga ANSI C 55-4 | C2: C/U | D2: 0 | E2: 3
A3: AE2 | B3: =VLOOKUP(A3,tmat,2,FALSE) -> Aislador de Espiga ANSI C 56-3 | C3: C/U | D3: 3 | E3: 0
A4: AS2 | B4: =VLOOKUP(A4,tmat,2,FALSE) -> Aislador de Suspensión ANSI C 52-9 | C4: C/U | D4: 9 | E4: 6
A5: AA1 | B5: =VLOOKUP(A5,tmat,2,FALSE) -> Alambre de Amarre N° 6 | C5: Pie | D5: 30 | E5: 30
A6: AR1 | B6: =VLOOKUP(A6,tmat,2,FALSE) -> Arandela Cuadrada 3/16" x 2-1/4" x 2-1/4", Ø=11/16" | C6: C/U | D6: 13 | E6: 13
A7: CC2 | B7: =VLOOKUP(A7,tmat,2,FALSE) -> Conector de Compresión YC 25A25 (1/0-1/0) | C7: C/U | D7: 3 | E7: 3
A8: CR2 | B8: =VLOOKUP(A8,tmat,2,FALSE) -> Crucete de Madera Curada de 4" x 5" x 96" | C8: C/U | D8: 2 | E8: 2
A9: CR3 | B9: =VLOOKUP(A9,tmat,2,FALSE) -> Crucete de Madera Curada de 4" x 5" x 96" /Voladizo | C9: C/U | D9: 1 | E9: 1
A10: EC1 | B10: =VLOOKUP(A10,tmat,2,FALSE) -> Espiga para Cruceta de Madera, L=6" Rosca 1", Φ = 3/4" | C10: C/U | D10: 0 | E10: 3
A11: EC2 | B11: =VLOOKUP(A11,tmat,2,FALSE) -> Espiga para Cruceta de Madera, L=8" Rosca 1-3/8", Φ = 3/4" | C11: C/U | D11: 3 | E11: 0
A12: GT4 | B12: =VLOOKUP(A12,tmat,2,FALSE) -> Grapa Terminal tipo Recto para Conductor (1/0 - 4/0) | C12: C/U | D12: 3 | E12: 3
A13: PM1 | B13: =VLOOKUP(A13,tmat,2,FALSE) -> Perno de Máquina de 5/8" x 8" | C13: C/U | D13: 1 | E13: 1
... A22: VAP2 | B22: =VLOOKUP(A22,tmat,2,FALSE) -> Varilla de Armar Preformado para Cable ASCR # 1/0 AWG | C22: C/U | D22: 3 | E22: 3

Sheet A-III-7VA
A1: COD. ENEE | B1: Materiales | C1: Unidad | D1: 34.5 | E1: 13.8
A2: AE1 | B2: =VLOOKUP(A2,tmat,2,FALSE) -> Aislador de Espiga ANSI C 55-4 | C2: C/U | D2: 0 | E2: 3
A3: AE2 | B3: =VLOOKUP(A3,tmat,2,FALSE) -> Aislador de Espiga ANSI C 56-3 | C3: C/U | D3: 3 | E3: 0
A4: AS2 | B4: =VLOOKUP(A4,tmat,2,FALSE) -> Aislador de Suspensión ANSI C 52-9 | C4: C/U | D4: 9 | E4: 6
A5: AA1 | B5: =VLOOKUP(A5,tmat,2,FALSE) -> Alambre de Amarre N° 6 | C5: Pie | D5: 30 | E5: 30
A6: AR1 | B6: =VLOOKUP(A6,tmat,2,FALSE) -> Arandela Cuadrada 3/16" x 2-1/4" x 2-1/4", Ø=11/16" | C6: C/U | D6: 5 | E6: 5
A7: CC2 | B7: =VLOOKUP(A7,tmat,2,FALSE) -> Conector de Compresión YC 25A25 (1/0-1/0) | C7: C/U | D7: 1 | E7: 1
A8: CR3 | B8: =VLOOKUP(A8,tmat,2,FALSE) -> Crucete de Madera Curada de 4" x 5" x 96" /Voladizo | C8: C/U | D8: 1 | E8: 1
A9: EC1 | B9: =VLOOKUP(A9,tmat,2,FALSE) -> Espiga para Cruceta de Madera, L=6" Rosca 1", Φ = 3/4" | C9: C/U | D9: 0 | E9: 3
A10: EC1 | B10: =VLOOKUP(A10,tmat,2,FALSE) -> Espiga para Cruceta de Madera, L=6" Rosca 1", Φ = 3/4" | C10: C/U | D10: 3 | E10: 0
A11: GT4 | B11: =VLOOKUP(A11,tmat,2,FALSE) -> Grapa Terminal tipo Recto para Conductor (1/0 - 4/0) | C11: C/U | D11: 1 | E11: 1
A12: PM1 | B12: =VLOOKUP(A12,tmat,2,FALSE) -> Perno de Máquina de 5/8" x 8" | C12: C/U | D12: 1 | E12: 1
A13: PM4 | B13: =VLOOKUP(A13,tmat,2,FALSE) -> Perno de Máquina de 5/8" x 14" | C13: C/U | D13: 1 | E13: 1
... A18: VAP2 | B18: =VLOOKUP(A18,tmat,2,FALSE) -> Varilla de Armar Preformado para Cable ASCR # 1/0 AWG | C18: C/U | D18: 3 | E18: 3

Sheet A-III-7VB
A1: COD. ENEE | B1: Materiales | C1: Unidad | D1: 34.5 | E1: 13.8
A2: AE1 | B2: =VLOOKUP(A2,tmat,2,FALSE) -> Aislador de Espiga ANSI C 55-4 | C2: C/U | D2: 0 | E2: 3
A3: AE2 | B3: =VLOOKUP(A3,tmat,2,FALSE) -> Aislador de Espiga ANSI C 56-3 | C3: C/U | D3: 3 | E3: 0
A4: AS2 | B4: =VLOOKUP(A4,tmat,2,FALSE) -> Aislador de Suspensión ANSI C 52-9 | C4: C/U | D4: 6 | E4: 4
A5: AA1 | B5: =VLOOKUP(A5,tmat,2,FALSE) -> Alambre de Amarre N° 6 | C5: Pie | D5: 30 | E5: 30
A6: AR1 | B6: =VLOOKUP(A6,tmat,2,FALSE) -> Arandela Cuadrada 3/16" x 2-1/4" x 2-1/4", Ø=11/16" | C6: C/U | D6: 13 | E6: 13
A7: CC2 | B7: =VLOOKUP(A7,tmat,2,FALSE) -> Conector de Compresión YC 25A25 (1/0-1/0) | C7: C/U | D7: 2 | E7: 2
A8: CR2 | B8: =VLOOKUP(A8,tmat,2,FALSE) -> Crucete de Madera Curada de 4" x 5" x 96" | C8: C/U | D8: 2 | E8: 2
A9: CR3 | B9: =VLOOKUP(A9,tmat,2,FALSE) -> Crucete de Madera Curada de 4" x 5" x 96" /Voladizo | C9: C/U | D9: 1 | E9: 1
A10: EC1 | B10: =VLOOKUP(A10,tmat,2,FALSE) -> Espiga para Cruceta de Madera, L=6" Rosca 1", Φ = 3/4" | C10: C/U | D10: 0 | E10: 3
A11: EC1 | B11: =VLOOKUP(A11,tmat,2,FALSE) -> Espiga para Cruceta de Madera, L=6" Rosca 1", Φ = 3/4" | C11: C/U | D11: 3 | E11: 0
A12: GT4 | B12: =VLOOKUP(A12,tmat,2,FALSE) -> Grapa Terminal tipo Recto para Conductor (1/0 - 4/0) | C12: C/U | D12: 2 | E12: 2
A13: PC | B13: =VLOOKUP(A13,tmat,2,FALSE) -> Perno de Carroceria 3/8" x 5" | C13: C/U | D13: 4 | E13: 4
... A21: VAP2 | B21: =VLOOKUP(A21,tmat,2,FALSE) -> Varilla de Armar Preformado para Cable ASCR # 1/0 AWG | C21: C/U | D21: 3 | E21: 3

Sheet A-III-8
A1: COD. ENEE | B1: Materiales | C1: Unidad | D1: 34.5 | E1: 13.8
A2: AE1 | B2: =VLOOKUP(A2,tmat,2,FALSE) -> Aislador de Espiga ANSI C 55-4 | C2: C/U | D2: 0 | E2: 7
A3: AE2 | B3: =VLOOKUP(A3,tmat,2,FALSE) -> Aislador de Espiga ANSI C 56-3 | C3: C/U | D3: 7 | E3: 0
A4: AS2 | B4: =VLOOKUP(A4,tmat,2,FALSE) -> Aislador de Suspensión ANSI C 52-9 | C4: C/U | D4: 9 | E4: 6
A5: AA1 | B5: =VLOOKUP(A5,tmat,2,FALSE) -> Alambre de Amarre N° 6 | C5: Pie | D5: 35 | E5: 35
A6: AR1 | B6: =VLOOKUP(A6,tmat,2,FALSE) -> Arandela Cuadrada 3/16" x 2-1/4" x 2-1/4", Ø=11/16" | C6: C/U | D6: 20 | E6: 20
A7: CC2 | B7: =VLOOKUP(A7,tmat,2,FALSE) -> Conector de Compresión YC 25A25 (1/0-1/0) | C7: C/U | D7: 3 | E7: 3
A8: CR2 | B8: =VLOOKUP(A8,tmat,2,FALSE) -> Crucete de Madera Curada de 4" x 5" x 96" | C8: C/U | D8: 4 | E8: 4
A9: EC1 | B9: =VLOOKUP(A9,tmat,2,FALSE) -> Espiga para Cruceta de Madera, L=6" Rosca 1", Φ = 3/4" | C9: C/U | D9: 0 | E9: 5
A10: EC1 | B10: =VLOOKUP(A10,tmat,2,FALSE) -> Espiga para Cruceta de Madera, L=6" Rosca 1", Φ = 3/4" | C10: C/U | D10: 5 | E10: 0
A11: EPC | B11: =VLOOKUP(A11,tmat,2,FALSE) -> Espiga para Punta de Poste tipo Escuadra, 34.5 KV, L=21" Rosca 1-3/8" | C11: C/U | D11: 2 | E11: 0
A12: EP1 | B12: =VLOOKUP(A12,tmat,2,FALSE) -> Espiga Punta de Poste tipo Recta, 13.8 KV, L=18" Rosca 1" | C12: C/U | D12: 0 | E12: 2
A13: GT4 | B13: =VLOOKUP(A13,tmat,2,FALSE) -> Grapa Terminal tipo Recto para Conductor (1/0 - 4/0) | C13: C/U | D13: 3 | E13: 3
... A22: VAP2 | B22: =VLOOKUP(A22,tmat,2,FALSE) -> Varilla de Armar Preformado para Cable ASCR # 1/0 AWG | C22: C/U | D22: 3 | E22: 3

Sheet A-III-9
A1: COD. ENEE | B1: Materiales | C1: Unidad | D1: 34.5 | E1: 13.8
A2: AE1 | B2: =VLOOKUP(A2,tmat,2,FALSE) -> Aislador de Espiga ANSI C 55-4 | C2: C/U | D2: 0 | E2: 4
A3: AE2 | B3: =VLOOKUP(A3,tmat,2,FALSE) -> Aislador de Espiga ANSI C 56-3 | C3: C/U | D3: 4 | E3: 0
A4: AS2 | B4: =VLOOKUP(A4,tmat,2,FALSE) -> Aislador de Suspensión ANSI C 52-9 | C4: C/U | D4: 27 | E4: 18
A5: AA1 | B5: =VLOOKUP(A5,tmat,2,FALSE) -> Alambre de Amarre N° 6 | C5: Pie | D5: 20 | E5: 20
A6: AR1 | B6: =VLOOKUP(A6,tmat,2,FALSE) -> Arandela Cuadrada 3/16" x 2-1/4" x 2-1/4", Ø=11/16" | C6: C/U | D6: 20 | E6: 20
A7: CC2 | B7: =VLOOKUP(A7,tmat,2,FALSE) -> Conector de Compresión YC 25A25 (1/0-1/0) | C7: C/U | D7: 3 | E7: 3
A8: CR2 | B8: =VLOOKUP(A8,tmat,2,FALSE) -> Crucete de Madera Curada de 4" x 5" x 96" | C8: C/U | D8: 4 | E8: 4
A9: EC1 | B9: =VLOOKUP(A9,tmat,2,FALSE) -> Espiga para Cruceta de Madera, L=6" Rosca 1", Φ = 3/4" | C9: C/U | D9: 0 | E9: 3
A10: EC1 | B10: =VLOOKUP(A10,tmat,2,FALSE) -> Espiga para Cruceta de Madera, L=6" Rosca 1", Φ = 3/4" | C10: C/U | D10: 3 | E10: 0
A11: EPC | B11: =VLOOKUP(A11,tmat,2,FALSE) -> Espiga para Punta de Poste tipo Escuadra, 34.5 KV, L=21" Rosca 1-3/8" | C11: C/U | D11: 1 | E11: 0
A12: EP1 | B12: =VLOOKUP(A12,tmat,2,FALSE) -> Espiga Punta de Poste tipo Recta, 13.8 KV, L=18" Rosca 1" | C12: C/U | D12: 0 | E12: 1
A13: GT4 | B13: =VLOOKUP(A13,tmat,2,FALSE) -> Grapa Terminal tipo Recto para Conductor (1/0 - 4/0) | C13: C/U | D13: 9 | E13: 9
... A19: TO1 | B19: =VLOOKUP(A19,tmat,2,FALSE) -> Tuerca de Ojo de 5/8" | C19: C/U | D19: 9 | E19: 9

Sheet ER-III-1
A1: COD. ENEE | B1: Materiales | C1: Unidad | D1: 34.5 | E1: 13.8
A2: AE1 | B2: =VLOOKUP(A2,tmat,2,FALSE) -> Aislador de Espiga ANSI C 55-4 | C2: C/U | D2: 0 | E2: 3
A3: AE2 | B3: =VLOOKUP(A3,tmat,2,FALSE) -> Aislador de Espiga ANSI C 56-3 | C3: C/U | D3: 3 | E3: 0
A4: AA1 | B4: =VLOOKUP(A4,tmat,2,FALSE) -> Alambre de Amarre N° 6 | C4: Pie | D4: 30 | E4: 30
A5: AR1 | B5: =VLOOKUP(A5,tmat,2,FALSE) -> Arandela Cuadrada 3/16" x 2-1/4" x 2-1/4", Ø=11/16" | C5: C/U | D5: 3 | E5: 3
A6: CR4 | B6: =VLOOKUP(A6,tmat,2,FALSE) -> Crucete de Madera Curada de 4" x 5" x 120" | C6: C/U | D6: 1 | E6: 1
A7: EC1 | B7: =VLOOKUP(A7,tmat,2,FALSE) -> Espiga para Cruceta de Madera, L=6" Rosca 1", Φ = 3/4" | C7: C/U | D7: 0 | E7: 3
A8: EC2 | B8: =VLOOKUP(A8,tmat,2,FALSE) -> Espiga para Cruceta de Madera, L=8" Rosca 1-3/8", Φ = 3/4" | C8: C/U | D8: 3 | E8: 0
A9: PAN1 | B9: =VLOOKUP(A9,tmat,2,FALSE) -> Puntal Angular de 60", 1-3/4" x 1-3/4" x 3/16" | C9: C/U | D9: 2 | E9: 2
A10: PLR1 | B10: =VLOOKUP(A10,tmat,2,FALSE) -> Placa de Refuerzo 3/16" x 4" x 5", Ø=13/16" | C10: C/U | D10: 1 | E10: 1
A11: PM10 | B11: =VLOOKUP(A11,tmat,2,FALSE) -> Perno de Máquina de 1/2" x 10" | C11: C/U | D11: 1 | E11: 1
A12: PM1 | B12: =VLOOKUP(A12,tmat,2,FALSE) -> Perno de Máquina de 5/8" x 8" | C12: C/U | D12: 2 | E12: 2
A13: PM5 | B13: =VLOOKUP(A13,tmat,2,FALSE) -> Perno de Máquina de 5/8" x 16" | C13: C/U | D13: 1 | E13: 1
A14: VAP2 | B14: =VLOOKUP(A14,tmat,2,FALSE) -> Varilla de Armar Preformado para Cable ASCR # 1/0 AWG | C14: C/U | D14: 3 | E14: 3

Sheet ER-III-2
A1: COD. ENEE | B1: Materiales | C1: Unidad | D1: 34.5 | E1: 13.8
A2: AE1 | B2: =VLOOKUP(A2,tmat,2,FALSE) -> Aislador de Espiga ANSI C 55-4 | C2: C/U | D2: 0 | E2: 6
A3: AE2 | B3: =VLOOKUP(A3,tmat,2,FALSE) -> Aislador de Espiga ANSI C 56-3 | C3: C/U | D3: 6 | E3: 0
A4: AA1 | B4: =VLOOKUP(A4,tmat,2,FALSE) -> Alambre de Amarre N° 6 | C4: Pie | D4: 30 | E4: 30
A5: AR1 | B5: =VLOOKUP(A5,tmat,2,FALSE) -> Arandela Cuadrada 3/16" x 2-1/4" x 2-1/4", Ø=11/16" | C5: C/U | D5: 12 | E5: 12
A6: CR4 | B6: =VLOOKUP(A6,tmat,2,FALSE) -> Crucete de Madera Curada de 4" x 5" x 120" | C6: C/U | D6: 2 | E6: 2
A7: EC1 | B7: =VLOOKUP(A7,tmat,2,FALSE) -> Espiga para Cruceta de Madera, L=6" Rosca 1", Φ = 3/4" | C7: C/U | D7: 0 | E7: 6
A8: EC2 | B8: =VLOOKUP(A8,tmat,2,FALSE) -> Espiga para Cruceta de Madera, L=8" Rosca 1-3/8", Φ = 3/4" | C8: C/U | D8: 6 | E8: 0
A9: PAN1 | B9: =VLOOKUP(A9,tmat,2,FALSE) -> Puntal Angular de 60", 1-3/4" x 1-3/4" x 3/16" | C9: C/U | D9: 4 | E9: 4
A10: PLR1 | B10: =VLOOKUP(A10,tmat,2,FALSE) -> Placa de Refuerzo 3/16" x 4" x 5", Ø=13/16" | C10: C/U | D10: 2 | E10: 2
A11: PM10 | B11: =VLOOKUP(A11,tmat,2,FALSE) -> Perno de Máquina de 1/2" x 10" | C11: C/U | D11: 2 | E11: 2
A12: PM1 | B12: =VLOOKUP(A12,tmat,2,FALSE) -> Perno de Máquina de 5/8" x 8" | C12: C/U | D12: 4 | E12: 4
A13: PRC6 | B13: =VLOOKUP(A13,tmat,2,FALSE) -> Perno de Rosca Corrida 5/8" x 22" | C13: C/U | D13: 3 | E13: 3
A14: VAP2 | B14: =VLOOKUP(A14,tmat,2,FALSE) -> Varilla de Armar Preformado para Cable ASCR # 1/0 AWG | C14: C/U | D14: 3 | E14: 3

Sheet ER-III-4
A1: COD. ENEE | B1: Materiales | C1: Unidad | D1: 34.5 | E1: 13.8
A2: AS2 | B2: =VLOOKUP(A2,tmat,2,FALSE) -> Aislador de Suspensión ANSI C 52-9 | C2: C/U | D2: 9 | E2: 6
A3: AR1 | B3: =VLOOKUP(A3,tmat,2,FALSE) -> Arandela Cuadrada 3/16" x 2-1/4" x 2-1/4", Ø=11/16" | C3: C/U | D3: 12 | E3: 12
A4: CR4 | B4: =VLOOKUP(A4,tmat,2,FALSE) -> Crucete de Madera Curada de 4" x 5" x 120" | C4: C/U | D4: 2 | E4: 2
A5: GT4 | B5: =VLOOKUP(A5,tmat,2,FALSE) -> Grapa Terminal tipo Recto para Conductor (1/0 - 4/0) | C5: C/U | D5: 3 | E5: 3
A6: PAN | B6: =VLOOKUP(A6,tmat,2,FALSE) -> Puntal Angular de 50", 1-3/4" x 1-3/4" x 3/16" | C6: C/U | D6: 4 | E6: 4
A7: PLR1 | B7: =VLOOKUP(A7,tmat,2,FALSE) -> Placa de Refuerzo 3/16" x 4" x 5", Ø=13/16" | C7: C/U | D7: 2 | E7: 2
A8: PM1 | B8: =VLOOKUP(A8,tmat,2,FALSE) -> Perno de Máquina de 5/8" x 8" | C8: C/U | D8: 4 | E8: 4
A9: PRC6 | B9: =VLOOKUP(A9,tmat,2,FALSE) -> Perno de Rosca Corrida 5/8" x 22" | C9: C/U | D9: 3 | E9: 3
A10: PM10 | B10: =VLOOKUP(A10,tmat,2,FALSE) -> Perno de Máquina de 1/2" x 10" | C10: C/U | D10: 1 | E10: 1
A11: TO1 | B11: =VLOOKUP(A11,tmat,2,FALSE) -> Tuerca de Ojo de 5/8" | C11: C/U | D11: 3 | E11: 3

Sheet ER-III-5
A1: COD. ENEE | B1: Materiales | C1: Unidad | D1: 34.5 | E1: 13.8
A2: AE1 | B2: =VLOOKUP(A2,tmat,2,FALSE) -> Aislador de Espiga ANSI C 55-4 | C2: C/U | D2: 0 | E2: 3
A3: AE2 | B3: =VLOOKUP(A3,tmat,2,FALSE) -> Aislador de Espiga ANSI C 56-3 | C3: C/U | D3: 3 | E3: 0
A4: AS2 | B4: =VLOOKUP(A4,tmat,2,FALSE) -> Aislador de Suspensión ANSI C 52-9 | C4: C/U | D4: 18 | E4: 12
A5: AA1 | B5: =VLOOKUP(A5,tmat,2,FALSE) -> Alambre de Amarre N° 6 | C5: Pie | D5: 15 | E5: 15
A6: AR1 | B6: =VLOOKUP(A6,tmat,2,FALSE) -> Arandela Cuadrada 3/16" x 2-1/4" x 2-1/4", Ø=11/16" | C6: C/U | D6: 12 | E6: 12
A7: CR4 | B7: =VLOOKUP(A7,tmat,2,FALSE) -> Crucete de Madera Curada de 4" x 5" x 120" | C7: C/U | D7: 2 | E7: 2
A8: EC1 | B8: =VLOOKUP(A8,tmat,2,FALSE) -> Espiga para Cruceta de Madera, L=6" Rosca 1", Φ = 3/4" | C8: C/U | D8: 0 | E8: 3
A9: EC2 | B9: =VLOOKUP(A9,tmat,2,FALSE) -> Espiga para Cruceta de Madera, L=8" Rosca 1-3/8", Φ = 3/4" | C9: C/U | D9: 3 | E9: 0
A10: GT4 | B10: =VLOOKUP(A10,tmat,2,FALSE) -> Grapa Terminal tipo Recto para Conductor (1/0 - 4/0) | C10: C/U | D10: 6 | E10: 6
A11: PAN | B11: =VLOOKUP(A11,tmat,2,FALSE) -> Puntal Angular de 50", 1-3/4" x 1-3/4" x 3/16" | C11: C/U | D11: 4 | E11: 4
A12: PLR1 | B12: =VLOOKUP(A12,tmat,2,FALSE) -> Placa de Refuerzo 3/16" x 4" x 5", Ø=13/16" | C12: C/U | D12: 2 | E12: 2
A13: PM1 | B13: =VLOOKUP(A13,tmat,2,FALSE) -> Perno de Máquina de 5/8" x 8" | C13: C/U | D13: 4 | E13: 4
... A16: TO1 | B16: =VLOOKUP(A16,tmat,2,FALSE) -> Tuerca de Ojo de 5/8" | C16: C/U | D16: 6 | E16: 6

Sheet ER-III-6
A1: COD. ENEE | B1: Materiales | C1: Unidad | D1: 34.5 | E1: 13.8
A2: AE1 | B2: =VLOOKUP(A2,tmat,2,FALSE) -> Aislador de Espiga ANSI C 55-4 | C2: C/U | D2: 0 | E2: 2
A3: AE2 | B3: =VLOOKUP(A3,tmat,2,FALSE) -> Aislador de Espiga ANSI C 56-3 | C3: C/U | D3: 2 | E3: 0
A4: AS2 | B4: =VLOOKUP(A4,tmat,2,FALSE) -> Aislador de Suspensión ANSI C 52-9 | C4: C/U | D4: 18 | E4: 12
A5: AA1 | B5: =VLOOKUP(A5,tmat,2,FALSE) -> Alambre de Amarre N° 6 | C5: Pie | D5: 10 | E5: 10
A6: AR1 | B6: =VLOOKUP(A6,tmat,2,FALSE) -> Arandela Cuadrada 3/16" x 2-1/4" x 2-1/4", Ø=11/16" | C6: C/U | D6: 24 | E6: 24
A7: CC2 | B7: =VLOOKUP(A7,tmat,2,FALSE) -> Conector de Compresión YC 25A25 (1/0-1/0) | C7: C/U | D7: 3 | E7: 3
A8: CR4 | B8: =VLOOKUP(A8,tmat,2,FALSE) -> Crucete de Madera Curada de 4" x 5" x 120" | C8: C/U | D8: 4 | E8: 4
A9: EC1 | B9: =VLOOKUP(A9,tmat,2,FALSE) -> Espiga para Cruceta de Madera, L=6" Rosca 1", Φ = 3/4" | C9: C/U | D9: 0 | E9: 2
A10: EC2 | B10: =VLOOKUP(A10,tmat,2,FALSE) -> Espiga para Cruceta de Madera, L=8" Rosca 1-3/8", Φ = 3/4" | C10: C/U | D10: 2 | E10: 0
A11: GT4 | B11: =VLOOKUP(A11,tmat,2,FALSE) -> Grapa Terminal tipo Recto para Conductor (1/0 - 4/0) | C11: C/U | D11: 6 | E11: 6
A12: PAN | B12: =VLOOKUP(A12,tmat,2,FALSE) -> Puntal Angular de 50", 1-3/4" x 1-3/4" x 3/16" | C12: C/U | D12: 8 | E12: 8
A13: PLR1 | B13: =VLOOKUP(A13,tmat,2,FALSE) -> Placa de Refuerzo 3/16" x 4" x 5", Ø=13/16" | C13: C/U | D13: 2 | E13: 2
... A17: TO1 | B17: =VLOOKUP(A17,tmat,2,FALSE) -> Tuerca de Ojo de 5/8" | C17: C/U | D17: 6 | E17: 6

Sheet ER-III-7
A1: COD. ENEE | B1: Materiales | C1: Unidad | D1: 34.5 | E1: 13.8
A2: AE1 | B2: =VLOOKUP(A2,tmat,2,FALSE) -> Aislador de Espiga ANSI C 55-4 | C2: C/U | D2: 0 | E2: 4
A3: AE2 | B3: =VLOOKUP(A3,tmat,2,FALSE) -> Aislador de Espiga ANSI C 56-3 | C3: C/U | D3: 4 | E3: 0
A4: AS2 | B4: =VLOOKUP(A4,tmat,2,FALSE) -> Aislador de Suspensión ANSI C 52-9 | C4: C/U | D4: 9 | E4: 6
A5: AA1 | B5: =VLOOKUP(A5,tmat,2,FALSE) -> Alambre de Amarre N° 6 | C5: Pie | D5: 35 | E5: 35
A6: AR1 | B6: =VLOOKUP(A6,tmat,2,FALSE) -> Arandela Cuadrada 3/16" x 2-1/4" x 2-1/4", Ø=11/16" | C6: C/U | D6: 15 | E6: 15
A7: CC2 | B7: =VLOOKUP(A7,tmat,2,FALSE) -> Conector de Compresión YC 25A25 (1/0-1/0) | C7: C/U | D7: 3 | E7: 3
A8: CR4 | B8: =VLOOKUP(A8,tmat,2,FALSE) -> Crucete de Madera Curada de 4" x 5" x 120" | C8: C/U | D8: 3 | E8: 3
A9: EC1 | B9: =VLOOKUP(A9,tmat,2,FALSE) -> Espiga para Cruceta de Madera, L=6" Rosca 1", Φ = 3/4" | C9: C/U | D9: 0 | E9: 4
A10: EC2 | B10: =VLOOKUP(A10,tmat,2,FALSE) -> Espiga para Cruceta de Madera, L=8" Rosca 1-3/8", Φ = 3/4" | C10: C/U | D10: 4 | E10: 0
A11: GT4 | B11: =VLOOKUP(A11,tmat,2,FALSE) -> Grapa Terminal tipo Recto para Conductor (1/0 - 4/0) | C11: C/U | D11: 3 | E11: 3
A12: PAN | B12: =VLOOKUP(A12,tmat,2,FALSE) -> Puntal Angular de 50", 1-3/4" x 1-3/4" x 3/16" | C12: C/U | D12: 6 | E12: 6
A13: PLR1 | B13: =VLOOKUP(A13,tmat,2,FALSE) -> Placa de Refuerzo 3/16" x 4" x 5", Ø=13/16" | C13: C/U | D13: 3 | E13: 3
... A19: VAP2 | B19: =VLOOKUP(A19,tmat,2,FALSE) -> Varilla de Armar Preformado para Cable ASCR # 1/0 AWG | C19: C/U | D19: 3 | E19: 3

Sheet ER-III-7A
A1: COD. ENEE | B1: Materiales | C1: Unidad | D1: 34.5 | E1: 13.8
A2: AE1 | B2: =VLOOKUP(A2,tmat,2,FALSE) -> Aislador de Espiga ANSI C 55-4 | C2: C/U | D2: 0 | E2: 3
A3: AE2 | B3: =VLOOKUP(A3,tmat,2,FALSE) -> Aislador de Espiga ANSI C 56-3 | C3: C/U | D3: 3 | E3: 0
A4: AS2 | B4: =VLOOKUP(A4,tmat,2,FALSE) -> Aislador de Suspensión ANSI C 52-9 | C4: C/U | D4: 3 | E4: 2
A5: AA1 | B5: =VLOOKUP(A5,tmat,2,FALSE) -> Alambre de Amarre N° 6 | C5: Pie | D5: 30 | E5: 30
A6: AR1 | B6: =VLOOKUP(A6,tmat,2,FALSE) -> Arandela Cuadrada 3/16" x 2-1/4" x 2-1/4", Ø=11/16" | C6: C/U | D6: 5 | E6: 5
A7: CC2 | B7: =VLOOKUP(A7,tmat,2,FALSE) -> Conector de Compresión YC 25A25 (1/0-1/0) | C7: C/U | D7: 1 | E7: 1
A8: CR4 | B8: =VLOOKUP(A8,tmat,2,FALSE) -> Crucete de Madera Curada de 4" x 5" x 120" | C8: C/U | D8: 1 | E8: 1
A9: EC1 | B9: =VLOOKUP(A9,tmat,2,FALSE) -> Espiga para Cruceta de Madera, L=6" Rosca 1", Φ = 3/4" | C9: C/U | D9: 0 | E9: 3
A10: EC2 | B10: =VLOOKUP(A10,tmat,2,FALSE) -> Espiga para Cruceta de Madera, L=8" Rosca 1-3/8", Φ = 3/4" | C10: C/U | D10: 3 | E10: 0
A11: GT4 | B11: =VLOOKUP(A11,tmat,2,FALSE) -> Grapa Terminal tipo Recto para Conductor (1/0 - 4/0) | C11: C/U | D11: 1 | E11: 1
A12: PAN | B12: =VLOOKUP(A12,tmat,2,FALSE) -> Puntal Angular de 50", 1-3/4" x 1-3/4" x 3/16" | C12: C/U | D12: 2 | E12: 2
A13: PLR1 | B13: =VLOOKUP(A13,tmat,2,FALSE) -> Placa de Refuerzo 3/16" x 4" x 5", Ø=13/16" | C13: C/U | D13: 1 | E13: 1
... A19: VAP2 | B19: =VLOOKUP(A19,tmat,2,FALSE) -> Varilla de Armar Preformado para Cable ASCR # 1/0 AWG | C19: C/U | D19: 3 | E19: 3

Sheet ER-III-7B
A1: COD. ENEE | B1: Materiales | C1: Unidad | D1: 34.5 | E1: 13.8
A2: AE1 | B2: =VLOOKUP(A2,tmat,2,FALSE) -> Aislador de Espiga ANSI C 55-4 | C2: C/U | D2: 0 | E2: 4
A3: AE2 | B3: =VLOOKUP(A3,tmat,2,FALSE) -> Aislador de Espiga ANSI C 56-3 | C3: C/U | D3: 4 | E3: 0
A4: AS2 | B4: =VLOOKUP(A4,tmat,2,FALSE) -> Aislador de Suspensión ANSI C 52-9 | C4: C/U | D4: 6 | E4: 4
A5: AA1 | B5: =VLOOKUP(A5,tmat,2,FALSE) -> Alambre de Amarre N° 6 | C5: Pie | D5: 35 | E5: 35
A6: AR1 | B6: =VLOOKUP(A6,tmat,2,FALSE) -> Arandela Cuadrada 3/16" x 2-1/4" x 2-1/4", Ø=11/16" | C6: C/U | D6: 15 | E6: 15
A7: CC2 | B7: =VLOOKUP(A7,tmat,2,FALSE) -> Conector de Compresión YC 25A25 (1/0-1/0) | C7: C/U | D7: 2 | E7: 2
A8: CR4 | B8: =VLOOKUP(A8,tmat,2,FALSE) -> Crucete de Madera Curada de 4" x 5" x 120" | C8: C/U | D8: 3 | E8: 3
A9: EC1 | B9: =VLOOKUP(A9,tmat,2,FALSE) -> Espiga para Cruceta de Madera, L=6" Rosca 1", Φ = 3/4" | C9: C/U | D9: 0 | E9: 4
A10: EC2 | B10: =VLOOKUP(A10,tmat,2,FALSE) -> Espiga para Cruceta de Madera, L=8" Rosca 1-3/8", Φ = 3/4" | C10: C/U | D10: 4 | E10: 0
A11: GT4 | B11: =VLOOKUP(A11,tmat,2,FALSE) -> Grapa Terminal tipo Recto para Conductor (1/0 - 4/0) | C11: C/U | D11: 2 | E11: 2
A12: PAN | B12: =VLOOKUP(A12,tmat,2,FALSE) -> Puntal Angular de 50", 1-3/4" x 1-3/4" x 3/16" | C12: C/U | D12: 6 | E12: 6
A13: PLR1 | B13: =VLOOKUP(A13,tmat,2,FALSE) -> Placa de Refuerzo 3/16" x 4" x 5", Ø=13/16" | C13: C/U | D13: 3 | E13: 3
... A19: VAP2 | B19: =VLOOKUP(A19,tmat,2,FALSE) -> Varilla de Armar Preformado para Cable ASCR # 1/0 AWG | C19: C/U | D19: 3 | E19: 3

Sheet ER-III-8
A1: COD. ENEE | B1: Materiales | C1: Unidad | D1: 34.5 | E1: 13.8
A2: AE1 | B2: =VLOOKUP(A2,tmat,2,FALSE) -> Aislador de Espiga ANSI C 55-4 | C2: C/U | D2: 0 | E2: 7
A3: AE2 | B3: =VLOOKUP(A3,tmat,2,FALSE) -> Aislador de Espiga ANSI C 56-3 | C3: C/U | D3: 7 | E3: 0
A4: AS2 | B4: =VLOOKUP(A4,tmat,2,FALSE) -> Aislador de Suspensión ANSI C 52-9 | C4: C/U | D4: 9 | E4: 6
A5: AA1 | B5: =VLOOKUP(A5,tmat,2,FALSE) -> Alambre de Amarre N° 6 | C5: Pie | D5: 35 | E5: 35
A6: AR1 | B6: =VLOOKUP(A6,tmat,2,FALSE) -> Arandela Cuadrada 3/16" x 2-1/4" x 2-1/4", Ø=11/16" | C6: C/U | D6: 24 | E6: 24
A7: CC2 | B7: =VLOOKUP(A7,tmat,2,FALSE) -> Conector de Compresión YC 25A25 (1/0-1/0) | C7: C/U | D7: 3 | E7: 3
A8: CR4 | B8: =VLOOKUP(A8,tmat,2,FALSE) -> Crucete de Madera Curada de 4" x 5" x 120" | C8: C/U | D8: 4 | E8: 4
A9: EC1 | B9: =VLOOKUP(A9,tmat,2,FALSE) -> Espiga para Cruceta de Madera, L=6" Rosca 1", Φ = 3/4" | C9: C/U | D9: 0 | E9: 7
A10: EC2 | B10: =VLOOKUP(A10,tmat,2,FALSE) -> Espiga para Cruceta de Madera, L=8" Rosca 1-3/8", Φ = 3/4" | C10: C/U | D10: 7 | E10: 0
A11: GT4 | B11: =VLOOKUP(A11,tmat,2,FALSE) -> Grapa Terminal tipo Recto para Conductor (1/0 - 4/0) | C11: C/U | D11: 3 | E11: 3
A12: PAN | B12: =VLOOKUP(A12,tmat,2,FALSE) -> Puntal Angular de 50", 1-3/4" x 1-3/4" x 3/16" | C12: C/U | D12: 8 | E12: 8
A13: PLR1 | B13: =VLOOKUP(A13,tmat,2,FALSE) -> Placa de Refuerzo 3/16" x 4" x 5", Ø=13/16" | C13: C/U | D13: 4 | E13: 4
... A18: VAP2 | B18: =VLOOKUP(A18,tmat,2,FALSE) -> Varilla de Armar Preformado para Cable ASCR # 1/0 AWG | C18: C/U | D18: 3 | E18: 3

Sheet ER-III-8A
A1: COD. ENEE | B1: Materiales | C1: Unidad | D1: 34.5 | E1: 13.8
A2: AE1 | B2: =VLOOKUP(A2,tmat,2,FALSE) -> Aislador de Espiga ANSI C 55-4 | C2: C/U | D2: 0 | E2: 6
A3: AE2 | B3: =VLOOKUP(A3,tmat,2,FALSE) -> Aislador de Espiga ANSI C 56-3 | C3: C/U | D3: 6 | E3: 0
A4: AS2 | B4: =VLOOKUP(A4,tmat,2,FALSE) -> Aislador de Suspensión ANSI C 52-9 | C4: C/U | D4: 3 | E4: 2
A5: AA1 | B5: =VLOOKUP(A5,tmat,2,FALSE) -> Alambre de Amarre N° 6 | C5: Pie | D5: 30 | E5: 30
A6: AR1 | B6: =VLOOKUP(A6,tmat,2,FALSE) -> Arandela Cuadrada 3/16" x 2-1/4" x 2-1/4", Ø=11/16" | C6: C/U | D6: 14 | E6: 14
A7: CC2 | B7: =VLOOKUP(A7,tmat,2,FALSE) -> Conector de Compresión YC 25A25 (1/0-1/0) | C7: C/U | D7: 1 | E7: 1
A8: CR4 | B8: =VLOOKUP(A8,tmat,2,FALSE) -> Crucete de Madera Curada de 4" x 5" x 120" | C8: C/U | D8: 2 | E8: 2
A9: EC1 | B9: =VLOOKUP(A9,tmat,2,FALSE) -> Espiga para Cruceta de Madera, L=6" Rosca 1", Φ = 3/4" | C9: C/U | D9: 0 | E9: 6
A10: EC2 | B10: =VLOOKUP(A10,tmat,2,FALSE) -> Espiga para Cruceta de Madera, L=8" Rosca 1-3/8", Φ = 3/4" | C10: C/U | D10: 6 | E10: 0
A11: GT4 | B11: =VLOOKUP(A11,tmat,2,FALSE) -> Grapa Terminal tipo Recto para Conductor (1/0 - 4/0) | C11: C/U | D11: 1 | E11: 1
A12: PAN | B12: =VLOOKUP(A12,tmat,2,FALSE) -> Puntal Angular de 50", 1-3/4" x 1-3/4" x 3/16" | C12: C/U | D12: 4 | E12: 4
A13: PLR1 | B13: =VLOOKUP(A13,tmat,2,FALSE) -> Placa de Refuerzo 3/16" x 4" x 5", Ø=13/16" | C13: C/U | D13: 2 | E13: 2
... A19: VAP2 | B19: =VLOOKUP(A19,tmat,2,FALSE) -> Varilla de Armar Preformado para Cable ASCR # 1/0 AWG | C19: C/U | D19: 3 | E19: 3

Sheet ER-III-8B
A1: COD. ENEE | B1: Materiales | C1: Unidad | D1: 34.5 | E1: 13.8
A2: AE1 | B2: =VLOOKUP(A2,tmat,2,FALSE) -> Aislador de Espiga ANSI C 55-4 | C2: C/U | D2: 0 | E2: 7
A3: AE2 | B3: =VLOOKUP(A3,tmat,2,FALSE) -> Aislador de Espiga ANSI C 56-3 | C3: C/U | D3: 7 | E3: 0
A4: AS2 | B4: =VLOOKUP(A4,tmat,2,FALSE) -> Aislador de Suspensión ANSI C 52-9 | C4: C/U | D4: 6 | E4: 4
A5: AA1 | B5: =VLOOKUP(A5,tmat,2,FALSE) -> Alambre de Amarre N° 6 | C5: Pie | D5: 35 | E5: 35
A6: AR1 | B6: =VLOOKUP(A6,tmat,2,FALSE) -> Arandela Cuadrada 3/16" x 2-1/4" x 2-1/4", Ø=11/16" | C6: C/U | D6: 24 | E6: 24
A7: CC2 | B7: =VLOOKUP(A7,tmat,2,FALSE) -> Conector de Compresión YC 25A25 (1/0-1/0) | C7: C/U | D7: 2 | E7: 2
A8: CR4 | B8: =VLOOKUP(A8,tmat,2,FALSE) -> Crucete de Madera Curada de 4" x 5" x 120" | C8: C/U | D8: 4 | E8: 4
A9: EC1 | B9: =VLOOKUP(A9,tmat,2,FALSE) -> Espiga para Cruceta de Madera, L=6" Rosca 1", Φ = 3/4" | C9: C/U | D9: 0 | E9: 7
A10: EC2 | B10: =VLOOKUP(A10,tmat,2,FALSE) -> Espiga para Cruceta de Madera, L=8" Rosca 1-3/8", Φ = 3/4" | C10: C/U | D10: 7 | E10: 0
A11: GT4 | B11: =VLOOKUP(A11,tmat,2,FALSE) -> Grapa Terminal tipo Recto para Conductor (1/0 - 4/0) | C11: C/U | D11: 2 | E11: 2
A12: PAN | B12: =VLOOKUP(A12,tmat,2,FALSE) -> Puntal Angular de 50", 1-3/4" x 1-3/4" x 3/16" | C12: C/U | D12: 8 | E12: 8
A13: PLR1 | B13: =VLOOKUP(A13,tmat,2,FALSE) -> Placa de Refuerzo 3/16" x 4" x 5", Ø=13/16" | C13: C/U | D13: 4 | E13: 4
... A18: VAP2 | B18: =VLOOKUP(A18,tmat,2,FALSE) -> Varilla de Armar Preformado para Cable ASCR # 1/0 AWG | C18: C/U | D18: 3 | E18: 3

Sheet ER-III-9
A1: COD. ENEE | B1: Materiales | C1: Unidad | D1: 34.5 | E1: 13.8
A2: AE1 | B2: =VLOOKUP(A2,tmat,2,FALSE) -> Aislador de Espiga ANSI C 55-4 | C2: C/U | D2: 0 | E2: 4
A3: AE2 | B3: =VLOOKUP(A3,tmat,2,FALSE) -> Aislador de Espiga ANSI C 56-3 | C3: C/U | D3: 4 | E3: 0
A4: AS2 | B4: =VLOOKUP(A4,tmat,2,FALSE) -> Aislador de Suspensión ANSI C 52-9 | C4: C/U | D4: 27 | E4: 18
A5: AA1 | B5: =VLOOKUP(A5,tmat,2,FALSE) -> Alambre de Amarre N° 6 | C5: Pie | D5: 20 | E5: 20
A6: AR1 | B6: =VLOOKUP(A6,tmat,2,FALSE) -> Arandela Cuadrada 3/16" x 2-1/4" x 2-1/4", Ø=11/16" | C6: C/U | D6: 24 | E6: 24
A7: CC2 | B7: =VLOOKUP(A7,tmat,2,FALSE) -> Conector de Compresión YC 25A25 (1/0-1/0) | C7: C/U | D7: 6 | E7: 6
A8: CR4 | B8: =VLOOKUP(A8,tmat,2,FALSE) -> Crucete de Madera Curada de 4" x 5" x 120" | C8: C/U | D8: 4 | E8: 4
A9: EC1 | B9: =VLOOKUP(A9,tmat,2,FALSE) -> Espiga para Cruceta de Madera, L=6" Rosca 1", Φ = 3/4" | C9: C/U | D9: 0 | E9: 4
A10: EC2 | B10: =VLOOKUP(A10,tmat,2,FALSE) -> Espiga para Cruceta de Madera, L=8" Rosca 1-3/8", Φ = 3/4" | C10: C/U | D10: 4 | E10: 0
A11: GT4 | B11: =VLOOKUP(A11,tmat,2,FALSE) -> Grapa Terminal tipo Recto para Conductor (1/0 - 4/0) | C11: C/U | D11: 9 | E11: 9
A12: PAN | B12: =VLOOKUP(A12,tmat,2,FALSE) -> Puntal Angular de 50", 1-3/4" x 1-3/4" x 3/16" | C12: C/U | D12: 8 | E12: 8
A13: PLR1 | B13: =VLOOKUP(A13,tmat,2,FALSE) -> Placa de Refuerzo 3/16" x 4" x 5", Ø=13/16" | C13: C/U | D13: 4 | E13: 4
... A17: TO1 | B17: =VLOOKUP(A17,tmat,2,FALSE) -> Tuerca de Ojo de 5/8" | C17: C/U | D17: 9 | E17: 9

Sheet DTN-III-1
A1: COD. ENEE | B1: Materiales | C1: Unidad | D1: 34.5 | E1: 13.8
A2: AE1 | B2: =VLOOKUP(A2,tmat,2,FALSE) -> Aislador de Espiga ANSI C 55-4 | C2: C/U | D2: 2 | E2: 8
A3: AE2 | B3: =VLOOKUP(A3,tmat,2,FALSE) -> Aislador de Espiga ANSI C 56-3 | C3: C/U | D3: 6 | E3: 0
A4: AA1 | B4: =VLOOKUP(A4,tmat,2,FALSE) -> Alambre de Amarre N° 6 | C4: Pie | D4: 80 | E4: 80
A5: AR1 | B5: =VLOOKUP(A5,tmat,2,FALSE) -> Arandela Cuadrada 3/16" x 2-1/4" x 2-1/4", Ø=11/16" | C5: C/U | D5: 2 | E5: 2
A6: CR2 | B6: =VLOOKUP(A6,tmat,2,FALSE) -> Crucete de Madera Curada de 4" x 5" x 96" | C6: C/U | D6: 2 | E6: 2
A7: EC1 | B7: =VLOOKUP(A7,tmat,2,FALSE) -> Espiga para Cruceta de Madera, L=6" Rosca 1", Φ = 3/4" | C7: C/U | D7: 2 | E7: 8
A8: EC2 | B8: =VLOOKUP(A8,tmat,2,FALSE) -> Espiga para Cruceta de Madera, L=8" Rosca 1-3/8", Φ = 3/4" | C8: C/U | D8: 6 | E8: 0
A9: PC | B9: =VLOOKUP(A9,tmat,2,FALSE) -> Perno de Carroceria 3/8" x 5" | C9: C/U | D9: 4 | E9: 4
A10: PM5 | B10: =VLOOKUP(A10,tmat,2,FALSE) -> Perno de Máquina de 5/8" x 16" | C10: C/U | D10: 2 | E10: 2
A11: PLR1 | B11: =VLOOKUP(A11,tmat,2,FALSE) -> Placa de Refuerzo 3/16" x 4" x 5", Ø=13/16" | C11: C/U | D11: 2 | E11: 2
A12: TP | B12: =VLOOKUP(A12,tmat,2,FALSE) -> Tirante de Pletina de 1/4" x 1-1/4" x 30" | C12: C/U | D12: 4 | E12: 4 | J12: D
A13: PM10 | B13: =VLOOKUP(A13,tmat,2,FALSE) -> Perno de Máquina de 1/2" x 10" | C13: C/U | D13: 2 | E13: 2
A14: VAP4 | B14: =VLOOKUP(A14,tmat,2,FALSE) -> Varilla de Armar Preformado para Cable ASCR 266.8 MCM | C14: C/U | D14: 8 | E14: 8

Sheet DTN-III-2
A1: COD. ENEE | B1: Materiales | C1: Unidad | D1: 34.5 | E1: 13.8
A2: AE1 | B2: =VLOOKUP(A2,tmat,2,FALSE) -> Aislador de Espiga ANSI C 55-4 | C2: C/U | D2: 4 | E2: 16
A3: AE2 | B3: =VLOOKUP(A3,tmat,2,FALSE) -> Aislador de Espiga ANSI C 56-3 | C3: C/U | D3: 12 | E3: 0
A4: AA1 | B4: =VLOOKUP(A4,tmat,2,FALSE) -> Alambre de Amarre N° 6 | C4: Pie | D4: 80 | E4: 80
A5: AR1 | B5: =VLOOKUP(A5,tmat,2,FALSE) -> Arandela Cuadrada 3/16" x 2-1/4" x 2-1/4", Ø=11/16" | C5: C/U | D5: 16 | E5: 16
A6: CR2 | B6: =VLOOKUP(A6,tmat,2,FALSE) -> Crucete de Madera Curada de 4" x 5" x 96" | C6: C/U | D6: 4 | E6: 4
A7: EC1 | B7: =VLOOKUP(A7,tmat,2,FALSE) -> Espiga para Cruceta de Madera, L=6" Rosca 1", Φ = 3/4" | C7: C/U | D7: 4 | E7: 16
A8: EC2 | B8: =VLOOKUP(A8,tmat,2,FALSE) -> Espiga para Cruceta de Madera, L=8" Rosca 1-3/8", Φ = 3/4" | C8: C/U | D8: 12 | E8: 0
A9: PC | B9: =VLOOKUP(A9,tmat,2,FALSE) -> Perno de Carroceria 3/8" x 5" | C9: C/U | D9: 8 | E9: 8
A10: PLE | B10: =VLOOKUP(A10,tmat,2,FALSE) -> Pletina Espaciadora para Crucete Madera 1/2" x 4" x 24" | C10: C/U | D10: 4 | E10: 0
A11: PM1 | B11: =VLOOKUP(A11,tmat,2,FALSE) -> Perno de Máquina de 5/8" x 8" | C11: C/U | D11: 10 | E11: 0
A12: PRC5 | B12: =VLOOKUP(A12,tmat,2,FALSE) -> Perno de Rosca Corrida 5/8" x 20" | C12: C/U | D12: 3 | E12: 3
A13: PRC6 | B13: =VLOOKUP(A13,tmat,2,FALSE) -> Perno de Rosca Corrida 5/8" x 22" | C13: C/U | D13: 3 | E13: 3 | J13: D
A14: PLE | B14: =VLOOKUP(A14,tmat,2,FALSE) -> Pletina Espaciadora para Crucete Madera 1/2" x 4" x 24" | C14: C/U | D14: 10 | E14: 0
A15: TP | B15: =VLOOKUP(A15,tmat,2,FALSE) -> Tirante de Pletina de 1/4" x 1-1/4" x 30" | C15: C/U | D15: 8 | E15: 8
A16: PM10 | B16: =VLOOKUP(A16,tmat,2,FALSE) -> Perno de Máquina de 1/2" x 10" | C16: C/U | D16: 4 | E16: 4
A17: VAP4 | B17: =VLOOKUP(A17,tmat,2,FALSE) -> Varilla de Armar Preformado para Cable ASCR 266.8 MCM | C17: C/U | D17: 8 | E17: 8

Sheet DTN-III-5
A1: COD. ENEE | B1: Materiales | C1: Unidad | D1: 34.5 | E1: 13.8
A2: AE1 | B2: =VLOOKUP(A2,tmat,2,FALSE) -> Aislador de Espiga ANSI C 55-4 | C2: C/U | D2: 0 | E2: 6
A3: AE2 | B3: =VLOOKUP(A3,tmat,2,FALSE) -> Aislador de Espiga ANSI C 56-3 | C3: C/U | D3: 6 | E3: 0
A4: AS1 | B4: =VLOOKUP(A4,tmat,2,FALSE) -> Aislador de Suspensión ANSI C 52-4 | C4: C/U | D4: 40 | E4: 28
A5: AA1 | B5: =VLOOKUP(A5,tmat,2,FALSE) -> Alambre de Amarre N° 6 | C5: Pie | D5: 30 | E5: 30
A6: AR1 | B6: =VLOOKUP(A6,tmat,2,FALSE) -> Arandela Cuadrada 3/16" x 2-1/4" x 2-1/4", Ø=11/16" | C6: C/U | D6: 24 | E6: 24
A7: CC12 | B7: =VLOOKUP(A7,tmat,2,FALSE) -> Conector de Compresión YPC 33R33R (266.8-266.8) | C7: C/U | D7: 8 | E7: 8
A8: CR2 | B8: =VLOOKUP(A8,tmat,2,FALSE) -> Crucete de Madera Curada de 4" x 5" x 96" | C8: C/U | D8: 4 | E8: 4
A9: EC1 | B9: =VLOOKUP(A9,tmat,2,FALSE) -> Espiga para Cruceta de Madera, L=6" Rosca 1", Φ = 3/4" | C9: C/U | D9: 0 | E9: 5
A10: EC2 | B10: =VLOOKUP(A10,tmat,2,FALSE) -> Espiga para Cruceta de Madera, L=8" Rosca 1-3/8", Φ = 3/4" | C10: C/U | D10: 5 | E10: 0
A11: EP2 | B11: =VLOOKUP(A11,tmat,2,FALSE) -> Espiga Punta de Poste tipo Recta, 34.5 KV, L=20" Rosca 1-3/8" | C11: C/U | D11: 1 | E11: 0
A12: EP1 | B12: =VLOOKUP(A12,tmat,2,FALSE) -> Espiga Punta de Poste tipo Recta, 13.8 KV, L=18" Rosca 1" | C12: C/U | D12: 0 | E12: 1
A13: GT2 | B13: =VLOOKUP(A13,tmat,2,FALSE) -> Grapa Terminal tipo Escuadra para Conductor (3/0 - 556) | C13: C/U | D13: 16 | E13: 16
A14: PC | B14: =VLOOKUP(A14,tmat,2,FALSE) -> Perno de Carroceria 3/8" x 5" | C14: C/U | D14: 8 | E14: 8 | J14: D
A15: PLR1 | B15: =VLOOKUP(A15,tmat,2,FALSE) -> Placa de Refuerzo 3/16" x 4" x 5", Ø=13/16" | C15: C/U | D15: 4 | E15: 4
A16: PM3 | B16: =VLOOKUP(A16,tmat,2,FALSE) -> Perno de Máquina de 5/8" x 12" | C16: C/U | D16: 2 | E16: 2
A17: PRC5 | B17: =VLOOKUP(A17,tmat,2,FALSE) -> Perno de Rosca Corrida 5/8" x 20" | C17: C/U | D17: 4 | E17: 4
A18: PRC6 | B18: =VLOOKUP(A18,tmat,2,FALSE) -> Perno de Rosca Corrida 5/8" x 22" | C18: C/U | D18: 4 | E18: 4
A19: TP | B19: =VLOOKUP(A19,tmat,2,FALSE) -> Tirante de Pletina de 1/4" x 1-1/4" x 30" | C19: C/U | D19: 8 | E19: 8
A20: PM10 | B20: =VLOOKUP(A20,tmat,2,FALSE) -> Perno de Máquina de 1/2" x 10" | C20: C/U | D20: 4 | E20: 4
A21: TO1 | B21: =VLOOKUP(A21,tmat,2,FALSE) -> Tuerca de Ojo de 5/8" | C21: C/U | D21: 16 | E21: 16

Sheet DTN-III-6
A1: COD. ENEE | B1: Materiales | C1: Unidad | D1: 34.5 | E1: 13.8
A2: AE1 | B2: =VLOOKUP(A2,tmat,2,FALSE) -> Aislador de Espiga ANSI C 55-4 | C2: C/U | D2: 0 | E2: 4
A3: AE2 | B3: =VLOOKUP(A3,tmat,2,FALSE) -> Aislador de Espiga ANSI C 56-3 | C3: C/U | D3: 4 | E3: 0
A4: AS1 | B4: =VLOOKUP(A4,tmat,2,FALSE) -> Aislador de Suspensión ANSI C 52-4 | C4: C/U | D4: 40 | E4: 28
A5: AA1 | B5: =VLOOKUP(A5,tmat,2,FALSE) -> Alambre de Amarre N° 6 | C5: Pie | D5: 20 | E5: 20
A6: AR1 | B6: =VLOOKUP(A6,tmat,2,FALSE) -> Arandela Cuadrada 3/16" x 2-1/4" x 2-1/4", Ø=11/16" | C6: C/U | D6: 48 | E6: 48
A7: CC12 | B7: =VLOOKUP(A7,tmat,2,FALSE) -> Conector de Compresión YPC 33R33R (266.8-266.8) | C7: C/U | D7: 8 | E7: 8
A8: CR2 | B8: =VLOOKUP(A8,tmat,2,FALSE) -> Crucete de Madera Curada de 4" x 5" x 96" | C8: C/U | D8: 8 | E8: 8
A9: EC1 | B9: =VLOOKUP(A9,tmat,2,FALSE) -> Espiga para Cruceta de Madera, L=6" Rosca 1", Φ = 3/4" | C9: C/U | D9: 0 | E9: 4
A10: EC2 | B10: =VLOOKUP(A10,tmat,2,FALSE) -> Espiga para Cruceta de Madera, L=8" Rosca 1-3/8", Φ = 3/4" | C10: C/U | D10: 4 | E10: 0
A11: GT2 | B11: =VLOOKUP(A11,tmat,2,FALSE) -> Grapa Terminal tipo Escuadra para Conductor (3/0 - 556) | C11: C/U | D11: 16 | E11: 16
A12: PC | B12: =VLOOKUP(A12,tmat,2,FALSE) -> Perno de Carroceria 3/8" x 5" | C12: C/U | D12: 16 | E12: 16 | J12: D
A13: PLR1 | B13: =VLOOKUP(A13,tmat,2,FALSE) -> Placa de Refuerzo 3/16" x 4" x 5", Ø=13/16" | C13: C/U | D13: 8 | E13: 8
A14: PRC5 | B14: =VLOOKUP(A14,tmat,2,FALSE) -> Perno de Rosca Corrida 5/8" x 20" | C14: C/U | D14: 4 | E14: 4
A15: PRC6 | B15: =VLOOKUP(A15,tmat,2,FALSE) -> Perno de Rosca Corrida 5/8" x 22" | C15: C/U | D15: 4 | E15: 4
A16: PRC7 | B16: =VLOOKUP(A16,tmat,2,FALSE) -> Perno de Rosca Corrida 5/8" x 24" | C16: C/U | D16: 8 | E16: 8
A17: TP | B17: =VLOOKUP(A17,tmat,2,FALSE) -> Tirante de Pletina de 1/4" x 1-1/4" x 30" | C17: C/U | D17: 16 | E17: 16
A18: PM10 | B18: =VLOOKUP(A18,tmat,2,FALSE) -> Perno de Máquina de 1/2" x 10" | C18: C/U | D18: 8 | E18: 8
A19: TO1 | B19: =VLOOKUP(A19,tmat,2,FALSE) -> Tuerca de Ojo de 5/8" | C19: C/U | D19: 16 | E19: 16

Sheet B-I-1
A1: COD. ENEE | B1: Materiales | C1: Unidad | D1: 34.5 | E1: 13.8
A2: AC | B2: =VLOOKUP(A2,tmat,2,FALSE) -> Aislador de Carrete ANSI C 53-2 | C2: C/U | D2: 1 | E2: 1
A3: AA1 | B3: =VLOOKUP(A3,tmat,2,FALSE) -> Alambre de Amarre N° 6 | C3: Pie | D3: 3 | E3: 3
A4: AR1 | B4: =VLOOKUP(A4,tmat,2,FALSE) -> Arandela Cuadrada 3/16" x 2-1/4" x 2-1/4", Ø=11/16" | C4: C/U | D4: 1 | E4: 1
A5: B1 | B5: =VLOOKUP(A5,tmat,2,FALSE) -> Bastidor de una Línea | C5: C/U | D5: 1 | E5: 1
A6: PM3 | B6: =VLOOKUP(A6,tmat,2,FALSE) -> Perno de Máquina de 5/8" x 12" | C6: C/U | D6: 1 | E6: 1

Sheet B-I-3
A1: COD. ENEE | B1: Materiales | C1: Unidad | D1: 34.5 | E1: 13.8
A2: AC | B2: =VLOOKUP(A2,tmat,2,FALSE) -> Aislador de Carrete ANSI C 53-2 | C2: C/U | D2: 2 | E2: 2
A3: AA1 | B3: =VLOOKUP(A3,tmat,2,FALSE) -> Alambre de Amarre N° 6 | C3: Pie | D3: 6 | E3: 6
A4: B1 | B4: =VLOOKUP(A4,tmat,2,FALSE) -> Bastidor de una Línea | C4: C/U | D4: 2 | E4: 2
A5: PM3 | B5: =VLOOKUP(A5,tmat,2,FALSE) -> Perno de Máquina de 5/8" x 12" | C5: C/U | D5: 1 | E5: 1

Sheet B-I-4
A1: COD. ENEE | B1: Materiales | C1: Unidad | D1: 34.5 | E1: 13.8
A2: AC | B2: =VLOOKUP(A2,tmat,2,FALSE) -> Aislador de Carrete ANSI C 53-2 | C2: C/U | D2: 1 | E2: 1
A3: AR1 | B3: =VLOOKUP(A3,tmat,2,FALSE) -> Arandela Cuadrada 3/16" x 2-1/4" x 2-1/4", Ø=11/16" | C3: C/U | D3: 1 | E3: 1
A4: B1 | B4: =VLOOKUP(A4,tmat,2,FALSE) -> Bastidor de una Línea | C4: C/U | D4: 1 | E4: 1
A5: CC1 | B5: =VLOOKUP(A5,tmat,2,FALSE) -> Conector de Compresión YC 2A2 | C5: C/U | D5: 1 | E5: 1
A6: PM3 | B6: =VLOOKUP(A6,tmat,2,FALSE) -> Perno de Máquina de 5/8" x 12" | C6: C/U | D6: 1 | E6: 1

Sheet B-I-4B
A1: COD. ENEE | B1: Materiales | C1: Unidad | D1: 34.5 | E1: 13.8
A2: AC | B2: =VLOOKUP(A2,tmat,2,FALSE) -> Aislador de Carrete ANSI C 53-2 | C2: C/U | D2: 1 | E2: 1
A3: B1 | B3: =VLOOKUP(A3,tmat,2,FALSE) -> Bastidor de una Línea | C3: C/U | D3: 1 | E3: 1
A4: CC1 | B4: =VLOOKUP(A4,tmat,2,FALSE) -> Conector de Compresión YC 2A2 | C4: C/U | D4: 2 | E4: 2

Sheet B-I-4F
A1: COD. ENEE | B1: Materiales | C1: Unidad | D1: 34.5 | E1: 13.8
A2: AC | B2: =VLOOKUP(A2,tmat,2,FALSE) -> Aislador de Carrete ANSI C 53-2 | C2: C/U | D2: 1 | E2: 1
A3: AR1 | B3: =VLOOKUP(A3,tmat,2,FALSE) -> Arandela Cuadrada 3/16" x 2-1/4" x 2-1/4", Ø=11/16" | C3: C/U | D3: 1 | E3: 1
A4: B1 | B4: =VLOOKUP(A4,tmat,2,FALSE) -> Bastidor de una Línea | C4: C/U | D4: 1 | E4: 1
A5: CC1 | B5: =VLOOKUP(A5,tmat,2,FALSE) -> Conector de Compresión YC 2A2 | C5: C/U | D5: 2 | E5: 2
A6: PM3 | B6: =VLOOKUP(A6,tmat,2,FALSE) -> Perno de Máquina de 5/8" x 12" | C6: C/U | D6: 1 | E6: 1

Sheet B-I-5
A1: COD. ENEE | B1: Materiales | C1: Unidad | D1: 34.5 | E1: 13.8
A2: AC | B2: =VLOOKUP(A2,tmat,2,FALSE) -> Aislador de Carrete ANSI C 53-2 | C2: C/U | D2: 2 | E2: 2
A3: B1 | B3: =VLOOKUP(A3,tmat,2,FALSE) -> Bastidor de una Línea | C3: C/U | D3: 2 | E3: 2
A4: CC1 | B4: =VLOOKUP(A4,tmat,2,FALSE) -> Conector de Compresión YC 2A2 | C4: C/U | D4: 3 | E4: 3
A5: PM3 | B5: =VLOOKUP(A5,tmat,2,FALSE) -> Perno de Máquina de 5/8" x 12" | C5: C/U | D5: 1 | E5: 1

Sheet B-I-6
A1: COD. ENEE | B1: Materiales | C1: Unidad | D1: 34.5 | E1: 13.8
A2: AC | B2: =VLOOKUP(A2,tmat,2,FALSE) -> Aislador de Carrete ANSI C 53-2 | C2: C/U | D2: 2 | E2: 2
A3: AR1 | B3: =VLOOKUP(A3,tmat,2,FALSE) -> Arandela Cuadrada 3/16" x 2-1/4" x 2-1/4", Ø=11/16" | C3: C/U | D3: 2 | E3: 2
A4: B1 | B4: =VLOOKUP(A4,tmat,2,FALSE) -> Bastidor de una Línea | C4: C/U | D4: 2 | E4: 2
A5: CC1 | B5: =VLOOKUP(A5,tmat,2,FALSE) -> Conector de Compresión YC 2A2 | C5: C/U | D5: 3 | E5: 3
A6: PM3 | B6: =VLOOKUP(A6,tmat,2,FALSE) -> Perno de Máquina de 5/8" x 12" | C6: C/U | D6: 2 | E6: 2

Sheet B-I-7
A1: COD. ENEE | B1: Materiales | C1: Unidad | D1: 34.5 | E1: 13.8
A2: AC | B2: =VLOOKUP(A2,tmat,2,FALSE) -> Aislador de Carrete ANSI C 53-2 | C2: C/U | D2: 1 | E2: 1
A3: AA1 | B3: =VLOOKUP(A3,tmat,2,FALSE) -> Alambre de Amarre N° 6 | C3: pie | D3: 3 | E3: 3
A4: AR1 | B4: =VLOOKUP(A4,tmat,2,FALSE) -> Arandela Cuadrada 3/16" x 2-1/4" x 2-1/4", Ø=11/16" | C4: C/U | D4: 1 | E4: 1
A5: B1 | B5: =VLOOKUP(A5,tmat,2,FALSE) -> Bastidor de una Línea | C5: C/U | D5: 1 | E5: 1
A6: CC1 | B6: =VLOOKUP(A6,tmat,2,FALSE) -> Conector de Compresión YC 2A2 | C6: C/U | D6: 2 | E6: 2
A7: PM3 | B7: =VLOOKUP(A7,tmat,2,FALSE) -> Perno de Máquina de 5/8" x 12" | C7: C/U | D7: 1 | E7: 1

Sheet B-I-7A
A1: COD. ENEE | B1: Materiales | C1: Unidad | D1: 34.5 | E1: 13.8
A2: AC | B2: =VLOOKUP(A2,tmat,2,FALSE) -> Aislador de Carrete ANSI C 53-2 | C2: C/U | D2: 2 | E2: 2
A3: AA1 | B3: =VLOOKUP(A3,tmat,2,FALSE) -> Alambre de Amarre N° 6 | C3: pie | D3: 3 | E3: 3
A4: B1 | B4: =VLOOKUP(A4,tmat,2,FALSE) -> Bastidor de una Línea | C4: C/U | D4: 2 | E4: 2
A5: CC1 | B5: =VLOOKUP(A5,tmat,2,FALSE) -> Conector de Compresión YC 2A2 | C5: C/U | D5: 2 | E5: 2
A6: PM3 | B6: =VLOOKUP(A6,tmat,2,FALSE) -> Perno de Máquina de 5/8" x 12" | C6: C/U | D6: 1 | E6: 1

Sheet B-I-7B
A1: COD. ENEE | B1: Materiales | C1: Unidad | D1: 34.5 | E1: 13.8
A2: AC | B2: =VLOOKUP(A2,tmat,2,FALSE) -> Aislador de Carrete ANSI C 53-2 | C2: C/U | D2: 1 | E2: 1
A3: AA1 | B3: =VLOOKUP(A3,tmat,2,FALSE) -> Alambre de Amarre N° 6 | C3: pie | D3: 3 | E3: 3
A4: AR1 | B4: =VLOOKUP(A4,tmat,2,FALSE) -> Arandela Cuadrada 3/16" x 2-1/4" x 2-1/4", Ø=11/16" | C4: C/U | D4: 3 | E4: 3
A5: B1 | B5: =VLOOKUP(A5,tmat,2,FALSE) -> Bastidor de una Línea | C5: C/U | D5: 1 | E5: 1
A6: CCA | B6: =VLOOKUP(A6,tmat,2,FALSE) -> Conector para Cable Acerado | C6: C/U | D6: 1 | E6: 1
A7: PM3 | B7: =VLOOKUP(A7,tmat,2,FALSE) -> Perno de Máquina de 5/8" x 12" | C7: C/U | D7: 1 | E7: 1
A8: TO2 | B8: =VLOOKUP(A8,tmat,2,FALSE) -> Tuerca de Ojo de 5/8" con Guardacabo | C8: C/U | D8: 1 | E8: 1
A9: VAP6 | B9: =VLOOKUP(A9,tmat,2,FALSE) -> Varilla de Armar Preformado para Cable Acerado 1/4" | C9: C/U | D9: 1 | E9: 1

Sheet B-I-7C
A1: COD. ENEE | B1: Materiales | C1: Unidad | D1: 34.5 | E1: 13.8
A2: AC | B2: =VLOOKUP(A2,tmat,2,FALSE) -> Aislador de Carrete ANSI C 53-2 | C2: C/U | D2: 1 | E2: 1
A3: AA1 | B3: =VLOOKUP(A3,tmat,2,FALSE) -> Alambre de Amarre N° 6 | C3: pie | D3: 3 | E3: 3
A4: AR1 | B4: =VLOOKUP(A4,tmat,2,FALSE) -> Arandela Cuadrada 3/16" x 2-1/4" x 2-1/4", Ø=11/16" | C4: C/U | D4: 3 | E4: 3
A5: B1 | B5: =VLOOKUP(A5,tmat,2,FALSE) -> Bastidor de una Línea | C5: C/U | D5: 1 | E5: 1
A6: CCA | B6: =VLOOKUP(A6,tmat,2,FALSE) -> Conector para Cable Acerado | C6: C/U | D6: 1 | E6: 1
A7: PM3 | B7: =VLOOKUP(A7,tmat,2,FALSE) -> Perno de Máquina de 5/8" x 12" | C7: C/U | D7: 1 | E7: 1
A8: TO2 | B8: =VLOOKUP(A8,tmat,2,FALSE) -> Tuerca de Ojo de 5/8" con Guardacabo | C8: C/U | D8: 1 | E8: 1
A9: VAP6 | B9: =VLOOKUP(A9,tmat,2,FALSE) -> Varilla de Armar Preformado para Cable Acerado 1/4" | C9: C/U | D9: 1 | E9: 1

Sheet B-I-8
A1: COD. ENEE | B1: Materiales | C1: Unidad | D1: 34.5 | E1: 13.8
A2: AC | B2: =VLOOKUP(A2,tmat,2,FALSE) -> Aislador de Carrete ANSI C 53-2 | C2: C/U | D2: 2 | E2: 2
A3: AA1 | B3: =VLOOKUP(A3,tmat,2,FALSE) -> Alambre de Amarre N° 6 | C3: Pie | D3: 6 | E3: 6
A4: AR1 | B4: =VLOOKUP(A4,tmat,2,FALSE) -> Arandela Cuadrada 3/16" x 2-1/4" x 2-1/4", Ø=11/16" | C4: C/U | D4: 2 | E4: 2
A5: B1 | B5: =VLOOKUP(A5,tmat,2,FALSE) -> Bastidor de una Línea | C5: C/U | D5: 2 | E5: 2
A6: CC1 | B6: =VLOOKUP(A6,tmat,2,FALSE) -> Conector de Compresión YC 2A2 | C6: C/U | D6: 2 | E6: 2
A7: PM3 | B7: =VLOOKUP(A7,tmat,2,FALSE) -> Perno de Máquina de 5/8" x 12" | C7: C/U | D7: 2 | E7: 2

Sheet B-II-1
A1: COD. ENEE | B1: Materiales | C1: Unidad | D1: 34.5 | E1: 13.8
A2: AC | B2: =VLOOKUP(A2,tmat,2,FALSE) -> Aislador de Carrete ANSI C 53-2 | C2: C/U | D2: 3 | E2: 3
A3: AA1 | B3: =VLOOKUP(A3,tmat,2,FALSE) -> Alambre de Amarre N° 6 | C3: Pie | D3: 9 | E3: 9
A4: AR1 | B4: =VLOOKUP(A4,tmat,2,FALSE) -> Arandela Cuadrada 3/16" x 2-1/4" x 2-1/4", Ø=11/16" | C4: C/U | D4: 2 | E4: 2
A5: B2 | B5: =VLOOKUP(A5,tmat,2,FALSE) -> Bastidor de Tres Líneas | C5: C/U | D5: 1 | E5: 1
A6: PM3 | B6: =VLOOKUP(A6,tmat,2,FALSE) -> Perno de Máquina de 5/8" x 12" | C6: C/U | D6: 2 | E6: 2

Sheet B-II-2
A1: COD. ENEE | B1: Materiales | C1: Unidad | D1: 34.5 | E1: 13.8
A2: AC | B2: =VLOOKUP(A2,tmat,2,FALSE) -> Aislador de Carrete ANSI C 53-2 | C2: C/U | D2: 3 | E2: 3
A3: AA1 | B3: =VLOOKUP(A3,tmat,2,FALSE) -> Alambre de Amarre N° 6 | C3: Pie | D3: 9 | E3: 9
A4: AR1 | B4: =VLOOKUP(A4,tmat,2,FALSE) -> Arandela Cuadrada 3/16" x 2-1/4" x 2-1/4", Ø=11/16" | C4: C/U | D4: 3 | E4: 3
A5: B2 | B5: =VLOOKUP(A5,tmat,2,FALSE) -> Bastidor de Tres Líneas | C5: C/U | D5: 1 | E5: 1
A6: PM3 | B6: =VLOOKUP(A6,tmat,2,FALSE) -> Perno de Máquina de 5/8" x 12" | C6: C/U | D6: 3 | E6: 3

Sheet B-II-4
A1: COD. ENEE | B1: Materiales | C1: Unidad | D1: 34.5 | E1: 13.8
A2: AC | B2: =VLOOKUP(A2,tmat,2,FALSE) -> Aislador de Carrete ANSI C 53-2 | C2: C/U | D2: 3 | E2: 3
A3: AR1 | B3: =VLOOKUP(A3,tmat,2,FALSE) -> Arandela Cuadrada 3/16" x 2-1/4" x 2-1/4", Ø=11/16" | C3: C/U | D3: 3 | E3: 3
A4: B2 | B4: =VLOOKUP(A4,tmat,2,FALSE) -> Bastidor de Tres Líneas | C4: C/U | D4: 1 | E4: 1
A5: CC1 | B5: =VLOOKUP(A5,tmat,2,FALSE) -> Conector de Compresión YC 2A2 | C5: C/U | D5: 1 | E5: 1
A6: CC6 | B6: =VLOOKUP(A6,tmat,2,FALSE) -> Conector de Compresión YC 28A28 (3/0-3/0) | C6: C/U | D6: 2 | E6: 2
A7: PM3 | B7: =VLOOKUP(A7,tmat,2,FALSE) -> Perno de Máquina de 5/8" x 12" | C7: C/U | D7: 3 | E7: 3

Sheet B-II-4A
A1: COD. ENEE | B1: Materiales | C1: Unidad | D1: 34.5 | E1: 13.8
A2: AC | B2: =VLOOKUP(A2,tmat,2,FALSE) -> Aislador de Carrete ANSI C 53-2 | C2: C/U | D2: 3 | E2: 3
A3: B2 | B3: =VLOOKUP(A3,tmat,2,FALSE) -> Bastidor de Tres Líneas | C3: C/U | D3: 1 | E3: 1
A4: CC1 | B4: =VLOOKUP(A4,tmat,2,FALSE) -> Conector de Compresión YC 2A2 | C4: C/U | D4: 2 | E4: 2
A5: CC6 | B5: =VLOOKUP(A5,tmat,2,FALSE) -> Conector de Compresión YC 28A28 (3/0-3/0) | C5: C/U | D5: 4 | E5: 4

Sheet B-II-4B
A1: COD. ENEE | B1: Materiales | C1: Unidad | D1: 34.5 | E1: 13.8
A2: AC | B2: =VLOOKUP(A2,tmat,2,FALSE) -> Aislador de Carrete ANSI C 53-2 | C2: C/U | D2: 3 | E2: 3
A3: AR1 | B3: =VLOOKUP(A3,tmat,2,FALSE) -> Arandela Cuadrada 3/16" x 2-1/4" x 2-1/4", Ø=11/16" | C3: C/U | D3: 3 | E3: 3
A4: B2 | B4: =VLOOKUP(A4,tmat,2,FALSE) -> Bastidor de Tres Líneas | C4: C/U | D4: 1 | E4: 1
A5: CC1 | B5: =VLOOKUP(A5,tmat,2,FALSE) -> Conector de Compresión YC 2A2 | C5: C/U | D5: 2 | E5: 2
A6: CC6 | B6: =VLOOKUP(A6,tmat,2,FALSE) -> Conector de Compresión YC 28A28 (3/0-3/0) | C6: C/U | D6: 4 | E6: 4
A7: PM3 | B7: =VLOOKUP(A7,tmat,2,FALSE) -> Perno de Máquina de 5/8" x 12" | C7: C/U | D7: 3 | E7: 3

Sheet B-II-4C
A1: COD. ENEE | B1: Materiales | C1: Unidad | D1: 34.5 | E1: 13.8
A2: AC | B2: =VLOOKUP(A2,tmat,2,FALSE) -> Aislador de Carrete ANSI C 53-2 | C2: C/U | D2: 4 | E2: 4
A3: AR1 | B3: =VLOOKUP(A3,tmat,2,FALSE) -> Arandela Cuadrada 3/16" x 2-1/4" x 2-1/4", Ø=11/16" | C3: C/U | D3: 2 | E3: 2
A4: B1 | B4: =VLOOKUP(A4,tmat,2,FALSE) -> Bastidor de una Línea | C4: C/U | D4: 1 | E4: 1
A5: B2 | B5: =VLOOKUP(A5,tmat,2,FALSE) -> Bastidor de Tres Líneas | C5: C/U | D5: 1 | E5: 1
A6: CC1 | B6: =VLOOKUP(A6,tmat,2,FALSE) -> Conector de Compresión YC 2A2 | C6: C/U | D6: 3 | E6: 3
A7: CC6 | B7: =VLOOKUP(A7,tmat,2,FALSE) -> Conector de Compresión YC 28A28 (3/0-3/0) | C7: C/U | D7: 2 | E7: 2
A8: PM3 | B8: =VLOOKUP(A8,tmat,2,FALSE) -> Perno de Máquina de 5/8" x 12" | C8: C/U | D8: 3 | E8: 3

Sheet B-II-4D
A1: COD. ENEE | B1: Materiales | C1: Unidad | D1: 34.5 | E1: 13.8
A2: AC | B2: =VLOOKUP(A2,tmat,2,FALSE) -> Aislador de Carrete ANSI C 53-2 | C2: C/U | D2: 4 | E2: 4
A3: AR1 | B3: =VLOOKUP(A3,tmat,2,FALSE) -> Arandela Cuadrada 3/16" x 2-1/4" x 2-1/4", Ø=11/16" | C3: C/U | D3: 4 | E3: 4
A4: B1 | B4: =VLOOKUP(A4,tmat,2,FALSE) -> Bastidor de una Línea | C4: C/U | D4: 1 | E4: 1
A5: B2 | B5: =VLOOKUP(A5,tmat,2,FALSE) -> Bastidor de Tres Líneas | C5: C/U | D5: 1 | E5: 1
A6: CC1 | B6: =VLOOKUP(A6,tmat,2,FALSE) -> Conector de Compresión YC 2A2 | C6: C/U | D6: 3 | E6: 3
A7: CC6 | B7: =VLOOKUP(A7,tmat,2,FALSE) -> Conector de Compresión YC 28A28 (3/0-3/0) | C7: C/U | D7: 2 | E7: 2
A8: PM3 | B8: =VLOOKUP(A8,tmat,2,FALSE) -> Perno de Máquina de 5/8" x 12" | C8: C/U | D8: 4 | E8: 4

Sheet B-II-4E
A1: COD. ENEE | B1: Materiales | C1: Unidad | D1: 34.5 | E1: 13.8
A2: AC | B2: =VLOOKUP(A2,tmat,2,FALSE) -> Aislador de Carrete ANSI C 53-2 | C2: C/U | D2: 3 | E2: 3
A3: AR1 | B3: =VLOOKUP(A3,tmat,2,FALSE) -> Arandela Cuadrada 3/16" x 2-1/4" x 2-1/4", Ø=11/16" | C3: C/U | D3: 3 | E3: 3
A4: B2 | B4: =VLOOKUP(A4,tmat,2,FALSE) -> Bastidor de Tres Líneas | C4: C/U | D4: 1 | E4: 1
A5: CC1 | B5: =VLOOKUP(A5,tmat,2,FALSE) -> Conector de Compresión YC 2A2 | C5: C/U | D5: 1 | E5: 1
A6: CC6 | B6: =VLOOKUP(A6,tmat,2,FALSE) -> Conector de Compresión YC 28A28 (3/0-3/0) | C6: C/U | D6: 2 | E6: 2
A7: CCB3 | B7: =VLOOKUP(A7,tmat,2,FALSE) -> Conector de Compresión Bimetálico 1/0 - 6 | C7: C/U | D7: 1 | E7: 1
A8: PM3 | B8: =VLOOKUP(A8,tmat,2,FALSE) -> Perno de Máquina de 5/8" x 12" | C8: C/U | D8: 4 | E8: 4
A9: TO2 | B9: =VLOOKUP(A9,tmat,2,FALSE) -> Tuerca de Ojo de 5/8" con Guardacabo | C9: C/U | D9: 1 | E9: 1
A10: VAP6 | B10: =VLOOKUP(A10,tmat,2,FALSE) -> Varilla de Armar Preformado para Cable Acerado 1/4" | C10: C/U | D10: 1 | E10: 1

Sheet B-II-4F
A1: COD. ENEE | B1: Materiales | C1: Unidad | D1: 34.5 | E1: 13.8
A2: AC | B2: =VLOOKUP(A2,tmat,2,FALSE) -> Aislador de Carrete ANSI C 53-2 | C2: C/U | D2: 3 | E2: 3
A3: AR1 | B3: =VLOOKUP(A3,tmat,2,FALSE) -> Arandela Cuadrada 3/16" x 2-1/4" x 2-1/4", Ø=11/16" | C3: C/U | D3: 5 | E3: 5
A4: B2 | B4: =VLOOKUP(A4,tmat,2,FALSE) -> Bastidor de Tres Líneas | C4: C/U | D4: 1 | E4: 1
A5: CC1 | B5: =VLOOKUP(A5,tmat,2,FALSE) -> Conector de Compresión YC 2A2 | C5: C/U | D5: 1 | E5: 1
A6: CCB3 | B6: =VLOOKUP(A6,tmat,2,FALSE) -> Conector de Compresión Bimetálico 1/0 - 6 | C6: C/U | D6: 1 | E6: 1
A7: CC6 | B7: =VLOOKUP(A7,tmat,2,FALSE) -> Conector de Compresión YC 28A28 (3/0-3/0) | C7: C/U | D7: 2 | E7: 2
A8: PM3 | B8: =VLOOKUP(A8,tmat,2,FALSE) -> Perno de Máquina de 5/8" x 12" | C8: C/U | D8: 3 | E8: 3
A9: PRC1 | B9: =VLOOKUP(A9,tmat,2,FALSE) -> Perno de Rosca Corrida 5/8" x 12" | C9: C/U | D9: 1 | E9: 1
A10: TO2 | B10: =VLOOKUP(A10,tmat,2,FALSE) -> Tuerca de Ojo de 5/8" con Guardacabo | C10: C/U | D10: 1 | E10: 1
A11: VAP6 | B11: =VLOOKUP(A11,tmat,2,FALSE) -> Varilla de Armar Preformado para Cable Acerado 1/4" | C11: C/U | D11: 1 | E11: 1

Sheet B-II-5
A1: COD. ENEE | B1: Materiales | C1: Unidad | D1: 34.5 | E1: 13.8
A2: AC | B2: =VLOOKUP(A2,tmat,2,FALSE) -> Aislador de Carrete ANSI C 53-2 | C2: C/U | D2: 6 | E2: 6
A3: B2 | B3: =VLOOKUP(A3,tmat,2,FALSE) -> Bastidor de Tres Líneas | C3: C/U | D3: 2 | E3: 2
A4: CC1 | B4: =VLOOKUP(A4,tmat,2,FALSE) -> Conector de Compresión YC 2A2 | C4: C/U | D4: 3 | E4: 3
A5: CC6 | B5: =VLOOKUP(A5,tmat,2,FALSE) -> Conector de Compresión YC 28A28 (3/0-3/0) | C5: C/U | D5: 6 | E5: 6
A6: PM3 | B6: =VLOOKUP(A6,tmat,2,FALSE) -> Perno de Máquina de 5/8" x 12" | C6: C/U | D6: 3 | E6: 3

Sheet B-II-6
A1: COD. ENEE | B1: Materiales | C1: Unidad | D1: 34.5 | E1: 13.8
A2: AC | B2: =VLOOKUP(A2,tmat,2,FALSE) -> Aislador de Carrete ANSI C 53-2 | C2: C/U | D2: 6 | E2: 6
A3: AR1 | B3: =VLOOKUP(A3,tmat,2,FALSE) -> Arandela Cuadrada 3/16" x 2-1/4" x 2-1/4", Ø=11/16" | C3: C/U | D3: 6 | E3: 6
A4: B2 | B4: =VLOOKUP(A4,tmat,2,FALSE) -> Bastidor de Tres Líneas | C4: C/U | D4: 2 | E4: 2
A5: CC1 | B5: =VLOOKUP(A5,tmat,2,FALSE) -> Conector de Compresión YC 2A2 | C5: C/U | D5: 3 | E5: 3
A6: CC6 | B6: =VLOOKUP(A6,tmat,2,FALSE) -> Conector de Compresión YC 28A28 (3/0-3/0) | C6: C/U | D6: 6 | E6: 6
A7: PM3 | B7: =VLOOKUP(A7,tmat,2,FALSE) -> Perno de Máquina de 5/8" x 12" | C7: C/U | D7: 6 | E7: 6

Sheet B-II-6A
A1: COD. ENEE | B1: Materiales | C1: Unidad | D1: 34.5 | E1: 13.8
A2: AC | B2: =VLOOKUP(A2,tmat,2,FALSE) -> Aislador de Carrete ANSI C 53-2 | C2: C/U | D2: 7 | E2: 7
A3: AR1 | B3: =VLOOKUP(A3,tmat,2,FALSE) -> Arandela Cuadrada 3/16" x 2-1/4" x 2-1/4", Ø=11/16" | C3: C/U | D3: 5 | E3: 5
A4: B1 | B4: =VLOOKUP(A4,tmat,2,FALSE) -> Bastidor de una Línea | C4: C/U | D4: 1 | E4: 1
A5: B2 | B5: =VLOOKUP(A5,tmat,2,FALSE) -> Bastidor de Tres Líneas | C5: C/U | D5: 2 | E5: 2
A6: CC1 | B6: =VLOOKUP(A6,tmat,2,FALSE) -> Conector de Compresión YC 2A2 | C6: C/U | D6: 5 | E6: 5
A7: CC6 | B7: =VLOOKUP(A7,tmat,2,FALSE) -> Conector de Compresión YC 28A28 (3/0-3/0) | C7: C/U | D7: 6 | E7: 6
A8: PM3 | B8: =VLOOKUP(A8,tmat,2,FALSE) -> Perno de Máquina de 5/8" x 12" | C8: C/U | D8: 6 | E8: 6

Sheet B-II-6B
A1: COD. ENEE | B1: Materiales | C1: Unidad | D1: 34.5 | E1: 13.8
A2: AC | B2: =VLOOKUP(A2,tmat,2,FALSE) -> Aislador de Carrete ANSI C 53-2 | C2: C/U | D2: 6 | E2: 6
A3: AR1 | B3: =VLOOKUP(A3,tmat,2,FALSE) -> Arandela Cuadrada 3/16" x 2-1/4" x 2-1/4", Ø=11/16" | C3: C/U | D3: 6 | E3: 6
A4: B2 | B4: =VLOOKUP(A4,tmat,2,FALSE) -> Bastidor de Tres Líneas | C4: C/U | D4: 2 | E4: 2
A5: CC1 | B5: =VLOOKUP(A5,tmat,2,FALSE) -> Conector de Compresión YC 2A2 | C5: C/U | D5: 3 | E5: 3
A6: CCB3 | B6: =VLOOKUP(A6,tmat,2,FALSE) -> Conector de Compresión Bimetálico 1/0 - 6 | C6: C/U | D6: 1 | E6: 1
A7: CC6 | B7: =VLOOKUP(A7,tmat,2,FALSE) -> Conector de Compresión YC 28A28 (3/0-3/0) | C7: C/U | D7: 6 | E7: 6
A8: PM3 | B8: =VLOOKUP(A8,tmat,2,FALSE) -> Perno de Máquina de 5/8" x 12" | C8: C/U | D8: 6 | E8: 6
A9: TO2 | B9: =VLOOKUP(A9,tmat,2,FALSE) -> Tuerca de Ojo de 5/8" con Guardacabo | C9: C/U | D9: 1 | E9: 1
A10: VAP6 | B10: =VLOOKUP(A10,tmat,2,FALSE) -> Varilla de Armar Preformado para Cable Acerado 1/4" | C10: C/U | D10: 1 | E10: 1

Sheet B-II-7
A1: COD. ENEE | B1: Materiales | C1: Unidad | D1: 34.5 | E1: 13.8
A2: AC | B2: =VLOOKUP(A2,tmat,2,FALSE) -> Aislador de Carrete ANSI C 53-2 | C2: C/U | D2: 3 | E2: 3
A3: AA1 | B3: =VLOOKUP(A3,tmat,2,FALSE) -> Alambre de Amarre N° 6 | C3: Pie | D3: 9 | E3: 9
A4: AR1 | B4: =VLOOKUP(A4,tmat,2,FALSE) -> Arandela Cuadrada 3/16" x 2-1/4" x 2-1/4", Ø=11/16" | C4: C/U | D4: 3 | E4: 3
A5: B2 | B5: =VLOOKUP(A5,tmat,2,FALSE) -> Bastidor de Tres Líneas | C5: C/U | D5: 1 | E5: 1
A6: CC1 | B6: =VLOOKUP(A6,tmat,2,FALSE) -> Conector de Compresión YC 2A2 | C6: C/U | D6: 2 | E6: 2
A7: CC6 | B7: =VLOOKUP(A7,tmat,2,FALSE) -> Conector de Compresión YC 28A28 (3/0-3/0) | C7: C/U | D7: 4 | E7: 4
A8: PM3 | B8: =VLOOKUP(A8,tmat,2,FALSE) -> Perno de Máquina de 5/8" x 12" | C8: C/U | D8: 3 | E8: 3

Sheet B-II-7A
A1: COD. ENEE | B1: Materiales | C1: Unidad | D1: 34.5 | E1: 13.8
A2: AC | B2: =VLOOKUP(A2,tmat,2,FALSE) -> Aislador de Carrete ANSI C 53-2 | C2: C/U | D2: 6 | E2: 6
A3: AA1 | B3: =VLOOKUP(A3,tmat,2,FALSE) -> Alambre de Amarre N° 6 | C3: Pie | D3: 9 | E3: 9
A4: B2 | B4: =VLOOKUP(A4,tmat,2,FALSE) -> Bastidor de Tres Líneas | C4: C/U | D4: 2 | E4: 2
A5: CC1 | B5: =VLOOKUP(A5,tmat,2,FALSE) -> Conector de Compresión YC 2A2 | C5: C/U | D5: 2 | E5: 2
A6: CC6 | B6: =VLOOKUP(A6,tmat,2,FALSE) -> Conector de Compresión YC 28A28 (3/0-3/0) | C6: C/U | D6: 4 | E6: 4
A7: PM3 | B7: =VLOOKUP(A7,tmat,2,FALSE) -> Perno de Máquina de 5/8" x 12" | C7: C/U | D7: 3 | E7: 3

Sheet B-II-8
A1: COD. ENEE | B1: Materiales | C1: Unidad | D1: 34.5 | E1: 13.8
A2: AC | B2: =VLOOKUP(A2,tmat,2,FALSE) -> Aislador de Carrete ANSI C 53-2 | C2: C/U | D2: 6 | E2: 6
A3: AA1 | B3: =VLOOKUP(A3,tmat,2,FALSE) -> Alambre de Amarre N° 6 | C3: Pie | D3: 18 | E3: 18
A4: AR1 | B4: =VLOOKUP(A4,tmat,2,FALSE) -> Arandela Cuadrada 3/16" x 2-1/4" x 2-1/4", Ø=11/16" | C4: C/U | D4: 4 | E4: 4
A5: CC1 | B5: =VLOOKUP(A5,tmat,2,FALSE) -> Conector de Compresión YC 2A2 | C5: C/U | D5: 2 | E5: 2
A6: CC6 | B6: =VLOOKUP(A6,tmat,2,FALSE) -> Conector de Compresión YC 28A28 (3/0-3/0) | C6: C/U | D6: 4 | E6: 4
A7: B2 | B7: =VLOOKUP(A7,tmat,2,FALSE) -> Bastidor de Tres Líneas | C7: C/U | D7: 2 | E7: 2
A8: PM3 | B8: =VLOOKUP(A8,tmat,2,FALSE) -> Perno de Máquina de 5/8" x 12" | C8: C/U | D8: 2 | E8: 2

Sheet B-II-9
A1: COD. ENEE | B1: Materiales | C1: Unidad | D1: 34.5 | E1: 13.8
A2: AC | B2: =VLOOKUP(A2,tmat,2,FALSE) -> Aislador de Carrete ANSI C 53-2 | C2: C/U | D2: 9 | E2: 9
A3: AR1 | B3: =VLOOKUP(A3,tmat,2,FALSE) -> Arandela Cuadrada 3/16" x 2-1/4" x 2-1/4", Ø=11/16" | C3: C/U | D3: 3 | E3: 3
A4: CC1 | B4: =VLOOKUP(A4,tmat,2,FALSE) -> Conector de Compresión YC 2A2 | C4: C/U | D4: 5 | E4: 5
A5: CC6 | B5: =VLOOKUP(A5,tmat,2,FALSE) -> Conector de Compresión YC 28A28 (3/0-3/0) | C5: C/U | D5: 10 | E5: 10
A6: B2 | B6: =VLOOKUP(A6,tmat,2,FALSE) -> Bastidor de Tres Líneas | C6: C/U | D6: 3 | E6: 3
A7: PM3 | B7: =VLOOKUP(A7,tmat,2,FALSE) -> Perno de Máquina de 5/8" x 12" | C7: C/U | D7: 6 | E7: 6

Sheet B-III-1
A1: COD. ENEE | B1: Materiales | C1: Unidad | D1: 34.5 | E1: 13.8
A2: AC | B2: =VLOOKUP(A2,tmat,2,FALSE) -> Aislador de Carrete ANSI C 53-2 | C2: C/U | D2: 4 | E2: 4
A3: AA1 | B3: =VLOOKUP(A3,tmat,2,FALSE) -> Alambre de Amarre N° 6 | C3: Pie | D3: 12 | E3: 12
A4: AR1 | B4: =VLOOKUP(A4,tmat,2,FALSE) -> Arandela Cuadrada 3/16" x 2-1/4" x 2-1/4", Ø=11/16" | C4: C/U | D4: 2 | E4: 2
A5: B3 | B5: =VLOOKUP(A5,tmat,2,FALSE) -> Bastidor de Cuatro Líneas | C5: C/U | D5: 1 | E5: 1
A6: PM3 | B6: =VLOOKUP(A6,tmat,2,FALSE) -> Perno de Máquina de 5/8" x 12" | C6: C/U | D6: 2 | E6: 2

Sheet B-III-2
A1: COD. ENEE | B1: Materiales | C1: Unidad | D1: 34.5 | E1: 13.8
A2: AC | B2: =VLOOKUP(A2,tmat,2,FALSE) -> Aislador de Carrete ANSI C 53-2 | C2: C/U | D2: 4 | E2: 4
A3: AA1 | B3: =VLOOKUP(A3,tmat,2,FALSE) -> Alambre de Amarre N° 6 | C3: Pie | D3: 12 | E3: 12
A4: AR1 | B4: =VLOOKUP(A4,tmat,2,FALSE) -> Arandela Cuadrada 3/16" x 2-1/4" x 2-1/4", Ø=11/16" | C4: C/U | D4: 3 | E4: 3
A5: B3 | B5: =VLOOKUP(A5,tmat,2,FALSE) -> Bastidor de Cuatro Líneas | C5: C/U | D5: 1 | E5: 1
A6: PM3 | B6: =VLOOKUP(A6,tmat,2,FALSE) -> Perno de Máquina de 5/8" x 12" | C6: C/U | D6: 3 | E6: 3

Sheet B-III-4
A1: COD. ENEE | B1: Materiales | C1: Unidad | D1: 34.5 | E1: 13.8
A2: AC | B2: =VLOOKUP(A2,tmat,2,FALSE) -> Aislador de Carrete ANSI C 53-2 | C2: C/U | D2: 4 | E2: 4
A3: AR1 | B3: =VLOOKUP(A3,tmat,2,FALSE) -> Arandela Cuadrada 3/16" x 2-1/4" x 2-1/4", Ø=11/16" | C3: C/U | D3: 3 | E3: 3
A4: B3 | B4: =VLOOKUP(A4,tmat,2,FALSE) -> Bastidor de Cuatro Líneas | C4: C/U | D4: 1 | E4: 1
A5: CC1 | B5: =VLOOKUP(A5,tmat,2,FALSE) -> Conector de Compresión YC 2A2 | C5: C/U | D5: 2 | E5: 2
A6: CC6 | B6: =VLOOKUP(A6,tmat,2,FALSE) -> Conector de Compresión YC 28A28 (3/0-3/0) | C6: C/U | D6: 2 | E6: 2
A7: PM3 | B7: =VLOOKUP(A7,tmat,2,FALSE) -> Perno de Máquina de 5/8" x 12" | C7: C/U | D7: 3 | E7: 3

Sheet B-III-4A
A1: COD. ENEE | B1: Materiales | C1: Unidad | D1: 34.5 | E1: 13.8
A2: AC | B2: =VLOOKUP(A2,tmat,2,FALSE) -> Aislador de Carrete ANSI C 53-2 | C2: C/U | D2: 4 | E2: 4
A3: B3 | B3: =VLOOKUP(A3,tmat,2,FALSE) -> Bastidor de Cuatro Líneas | C3: C/U | D3: 1 | E3: 1
A4: CC1 | B4: =VLOOKUP(A4,tmat,2,FALSE) -> Conector de Compresión YC 2A2 | C4: C/U | D4: 4 | E4: 4
A5: CC6 | B5: =VLOOKUP(A5,tmat,2,FALSE) -> Conector de Compresión YC 28A28 (3/0-3/0) | C5: C/U | D5: 4 | E5: 4

Sheet B-III-4B
A1: COD. ENEE | B1: Materiales | C1: Unidad | D1: 34.5 | E1: 13.8
A2: AC | B2: =VLOOKUP(A2,tmat,2,FALSE) -> Aislador de Carrete ANSI C 53-2 | C2: C/U | D2: 4 | E2: 4
A3: AR1 | B3: =VLOOKUP(A3,tmat,2,FALSE) -> Arandela Cuadrada 3/16" x 2-1/4" x 2-1/4", Ø=11/16" | C3: C/U | D3: 3 | E3: 3
A4: B3 | B4: =VLOOKUP(A4,tmat,2,FALSE) -> Bastidor de Cuatro Líneas | C4: C/U | D4: 1 | E4: 1
A5: CC1 | B5: =VLOOKUP(A5,tmat,2,FALSE) -> Conector de Compresión YC 2A2 | C5: C/U | D5: 4 | E5: 4
A6: CC6 | B6: =VLOOKUP(A6,tmat,2,FALSE) -> Conector de Compresión YC 28A28 (3/0-3/0) | C6: C/U | D6: 4 | E6: 4
A7: PM3 | B7: =VLOOKUP(A7,tmat,2,FALSE) -> Perno de Máquina de 5/8" x 12" | C7: C/U | D7: 3 | E7: 3

Sheet B-III-4C
A1: COD. ENEE | B1: Materiales | C1: Unidad | D1: 34.5 | E1: 13.8
A2: AC | B2: =VLOOKUP(A2,tmat,2,FALSE) -> Aislador de Carrete ANSI C 53-2 | C2: C/U | D2: 5 | E2: 5
A3: AR1 | B3: =VLOOKUP(A3,tmat,2,FALSE) -> Arandela Cuadrada 3/16" x 2-1/4" x 2-1/4", Ø=11/16" | C3: C/U | D3: 2 | E3: 2
A4: B1 | B4: =VLOOKUP(A4,tmat,2,FALSE) -> Bastidor de una Línea | C4: C/U | D4: 1 | E4: 1
A5: B3 | B5: =VLOOKUP(A5,tmat,2,FALSE) -> Bastidor de Cuatro Líneas | C5: C/U | D5: 1 | E5: 1
A6: CC1 | B6: =VLOOKUP(A6,tmat,2,FALSE) -> Conector de Compresión YC 2A2 | C6: C/U | D6: 3 | E6: 3
A7: CC6 | B7: =VLOOKUP(A7,tmat,2,FALSE) -> Conector de Compresión YC 28A28 (3/0-3/0) | C7: C/U | D7: 2 | E7: 2
A8: PM3 | B8: =VLOOKUP(A8,tmat,2,FALSE) -> Perno de Máquina de 5/8" x 12" | C8: C/U | D8: 3 | E8: 3

Sheet B-III-4D
A1: COD. ENEE | B1: Materiales | C1: Unidad | D1: 34.5 | E1: 13.8
A2: AC | B2: =VLOOKUP(A2,tmat,2,FALSE) -> Aislador de Carrete ANSI C 53-2 | C2: C/U | D2: 5 | E2: 5
A3: AR1 | B3: =VLOOKUP(A3,tmat,2,FALSE) -> Arandela Cuadrada 3/16" x 2-1/4" x 2-1/4", Ø=11/16" | C3: C/U | D3: 4 | E3: 4
A4: B1 | B4: =VLOOKUP(A4,tmat,2,FALSE) -> Bastidor de una Línea | C4: C/U | D4: 1 | E4: 1
A5: B3 | B5: =VLOOKUP(A5,tmat,2,FALSE) -> Bastidor de Cuatro Líneas | C5: C/U | D5: 1 | E5: 1
A6: CC1 | B6: =VLOOKUP(A6,tmat,2,FALSE) -> Conector de Compresión YC 2A2 | C6: C/U | D6: 4 | E6: 4
A7: CC6 | B7: =VLOOKUP(A7,tmat,2,FALSE) -> Conector de Compresión YC 28A28 (3/0-3/0) | C7: C/U | D7: 2 | E7: 2
A8: PM3 | B8: =VLOOKUP(A8,tmat,2,FALSE) -> Perno de Máquina de 5/8" x 12" | C8: C/U | D8: 4 | E8: 4

Sheet B-III-4E
A1: COD. ENEE | B1: Materiales | C1: Unidad | D1: 34.5 | E1: 13.8
A2: AC | B2: =VLOOKUP(A2,tmat,2,FALSE) -> Aislador de Carrete ANSI C 53-2 | C2: C/U | D2: 4 | E2: 4
A3: AR1 | B3: =VLOOKUP(A3,tmat,2,FALSE) -> Arandela Cuadrada 3/16" x 2-1/4" x 2-1/4", Ø=11/16" | C3: C/U | D3: 3 | E3: 3
A4: B3 | B4: =VLOOKUP(A4,tmat,2,FALSE) -> Bastidor de Cuatro Líneas | C4: C/U | D4: 1 | E4: 1
A5: CC1 | B5: =VLOOKUP(A5,tmat,2,FALSE) -> Conector de Compresión YC 2A2 | C5: C/U | D5: 2 | E5: 2
A6: CC6 | B6: =VLOOKUP(A6,tmat,2,FALSE) -> Conector de Compresión YC 28A28 (3/0-3/0) | C6: C/U | D6: 2 | E6: 2
A7: CCB3 | B7: =VLOOKUP(A7,tmat,2,FALSE) -> Conector de Compresión Bimetálico 1/0 - 6 | C7: C/U | D7: 1 | E7: 1
A8: PM3 | B8: =VLOOKUP(A8,tmat,2,FALSE) -> Perno de Máquina de 5/8" x 12" | C8: C/U | D8: 3 | E8: 3
A9: TO2 | B9: =VLOOKUP(A9,tmat,2,FALSE) -> Tuerca de Ojo de 5/8" con Guardacabo | C9: C/U | D9: 1 | E9: 1
A10: VAP6 | B10: =VLOOKUP(A10,tmat,2,FALSE) -> Varilla de Armar Preformado para Cable Acerado 1/4" | C10: C/U | D10: 1 | E10: 1

Sheet B-III-4F
A1: COD. ENEE | B1: Materiales | C1: Unidad | D1: 34.5 | E1: 13.8
A2: AC | B2: =VLOOKUP(A2,tmat,2,FALSE) -> Aislador de Carrete ANSI C 53-2 | C2: C/U | D2: 4 | E2: 4
A3: AR1 | B3: =VLOOKUP(A3,tmat,2,FALSE) -> Arandela Cuadrada 3/16" x 2-1/4" x 2-1/4", Ø=11/16" | C3: C/U | D3: 5 | E3: 5
A4: B3 | B4: =VLOOKUP(A4,tmat,2,FALSE) -> Bastidor de Cuatro Líneas | C4: C/U | D4: 1 | E4: 1
A5: CC1 | B5: =VLOOKUP(A5,tmat,2,FALSE) -> Conector de Compresión YC 2A2 | C5: C/U | D5: 2 | E5: 2
A6: CC6 | B6: =VLOOKUP(A6,tmat,2,FALSE) -> Conector de Compresión YC 28A28 (3/0-3/0) | C6: C/U | D6: 2 | E6: 2
A7: CCB3 | B7: =VLOOKUP(A7,tmat,2,FALSE) -> Conector de Compresión Bimetálico 1/0 - 6 | C7: C/U | D7: 1 | E7: 1
A8: PM3 | B8: =VLOOKUP(A8,tmat,2,FALSE) -> Perno de Máquina de 5/8" x 12" | C8: C/U | D8: 3 | E8: 3
A9: PRC1 | B9: =VLOOKUP(A9,tmat,2,FALSE) -> Perno de Rosca Corrida 5/8" x 12" | C9: C/U | D9: 1 | E9: 1
A10: TO2 | B10: =VLOOKUP(A10,tmat,2,FALSE) -> Tuerca de Ojo de 5/8" con Guardacabo | C10: C/U | D10: 1 | E10: 1
A11: VAP6 | B11: =VLOOKUP(A11,tmat,2,FALSE) -> Varilla de Armar Preformado para Cable Acerado 1/4" | C11: C/U | D11: 1 | E11: 1

Sheet B-III-5
A1: COD. ENEE | B1: Materiales | C1: Unidad | D1: 34.5 | E1: 13.8
A2: AC | B2: =VLOOKUP(A2,tmat,2,FALSE) -> Aislador de Carrete ANSI C 53-2 | C2: C/U | D2: 8 | E2: 8
A3: B3 | B3: =VLOOKUP(A3,tmat,2,FALSE) -> Bastidor de Cuatro Líneas | C3: C/U | D3: 2 | E3: 2
A4: CC1 | B4: =VLOOKUP(A4,tmat,2,FALSE) -> Conector de Compresión YC 2A2 | C4: C/U | D4: 6 | E4: 6
A5: CC6 | B5: =VLOOKUP(A5,tmat,2,FALSE) -> Conector de Compresión YC 28A28 (3/0-3/0) | C5: C/U | D5: 6 | E5: 6
A6: PM3 | B6: =VLOOKUP(A6,tmat,2,FALSE) -> Perno de Máquina de 5/8" x 12" | C6: C/U | D6: 3 | E6: 3

Sheet B-III-6
A1: COD. ENEE | B1: Materiales | C1: Unidad | D1: 34.5 | E1: 13.8
A2: AC | B2: =VLOOKUP(A2,tmat,2,FALSE) -> Aislador de Carrete ANSI C 53-2 | C2: C/U | D2: 8 | E2: 8
A3: AR1 | B3: =VLOOKUP(A3,tmat,2,FALSE) -> Arandela Cuadrada 3/16" x 2-1/4" x 2-1/4", Ø=11/16" | C3: C/U | D3: 6 | E3: 6
A4: B3 | B4: =VLOOKUP(A4,tmat,2,FALSE) -> Bastidor de Cuatro Líneas | C4: C/U | D4: 2 | E4: 2
A5: CC1 | B5: =VLOOKUP(A5,tmat,2,FALSE) -> Conector de Compresión YC 2A2 | C5: C/U | D5: 6 | E5: 6
A6: CC6 | B6: =VLOOKUP(A6,tmat,2,FALSE) -> Conector de Compresión YC 28A28 (3/0-3/0) | C6: C/U | D6: 6 | E6: 6
A7: PM3 | B7: =VLOOKUP(A7,tmat,2,FALSE) -> Perno de Máquina de 5/8" x 12" | C7: C/U | D7: 6 | E7: 6

Sheet B-III-6A
A1: COD. ENEE | B1: Materiales | C1: Unidad | D1: 34.5 | E1: 13.8
A2: AC | B2: =VLOOKUP(A2,tmat,2,FALSE) -> Aislador de Carrete ANSI C 53-2 | C2: C/U | D2: 9 | E2: 9
A3: AR1 | B3: =VLOOKUP(A3,tmat,2,FALSE) -> Arandela Cuadrada 3/16" x 2-1/4" x 2-1/4", Ø=11/16" | C3: C/U | D3: 5 | E3: 5
A4: B1 | B4: =VLOOKUP(A4,tmat,2,FALSE) -> Bastidor de una Línea | C4: C/U | D4: 1 | E4: 1
A5: B3 | B5: =VLOOKUP(A5,tmat,2,FALSE) -> Bastidor de Cuatro Líneas | C5: C/U | D5: 2 | E5: 2
A6: CC1 | B6: =VLOOKUP(A6,tmat,2,FALSE) -> Conector de Compresión YC 2A2 | C6: C/U | D6: 8 | E6: 8
A7: CC6 | B7: =VLOOKUP(A7,tmat,2,FALSE) -> Conector de Compresión YC 28A28 (3/0-3/0) | C7: C/U | D7: 6 | E7: 6
A8: PM3 | B8: =VLOOKUP(A8,tmat,2,FALSE) -> Perno de Máquina de 5/8" x 12" | C8: C/U | D8: 6 | E8: 6

Sheet B-III-6B
A1: COD. ENEE | B1: Materiales | C1: Unidad | D1: 34.5 | E1: 13.8
A2: AC | B2: =VLOOKUP(A2,tmat,2,FALSE) -> Aislador de Carrete ANSI C 53-2 | C2: C/U | D2: 8 | E2: 8
A3: AR1 | B3: =VLOOKUP(A3,tmat,2,FALSE) -> Arandela Cuadrada 3/16" x 2-1/4" x 2-1/4", Ø=11/16" | C3: C/U | D3: 6 | E3: 6
A4: B3 | B4: =VLOOKUP(A4,tmat,2,FALSE) -> Bastidor de Cuatro Líneas | C4: C/U | D4: 2 | E4: 2
A5: CC1 | B5: =VLOOKUP(A5,tmat,2,FALSE) -> Conector de Compresión YC 2A2 | C5: C/U | D5: 6 | E5: 6
A6: CC6 | B6: =VLOOKUP(A6,tmat,2,FALSE) -> Conector de Compresión YC 28A28 (3/0-3/0) | C6: C/U | D6: 6 | E6: 6
A7: CCB3 | B7: =VLOOKUP(A7,tmat,2,FALSE) -> Conector de Compresión Bimetálico 1/0 - 6 | C7: C/U | D7: 1 | E7: 1
A8: PM3 | B8: =VLOOKUP(A8,tmat,2,FALSE) -> Perno de Máquina de 5/8" x 12" | C8: C/U | D8: 6 | E8: 6
A9: TO2 | B9: =VLOOKUP(A9,tmat,2,FALSE) -> Tuerca de Ojo de 5/8" con Guardacabo | C9: C/U | D9: 1 | E9: 1
A10: VAP6 | B10: =VLOOKUP(A10,tmat,2,FALSE) -> Varilla de Armar Preformado para Cable Acerado 1/4" | C10: C/U | D10: 1 | E10: 1

Sheet B-III-7
A1: COD. ENEE | B1: Materiales | C1: Unidad | D1: 34.5 | E1: 13.8
A2: AC | B2: =VLOOKUP(A2,tmat,2,FALSE) -> Aislador de Carrete ANSI C 53-2 | C2: C/U | D2: 4 | E2: 4
A3: AA1 | B3: =VLOOKUP(A3,tmat,2,FALSE) -> Alambre de Amarre N° 6 | C3: Pie | D3: 12 | E3: 12
A4: AR1 | B4: =VLOOKUP(A4,tmat,2,FALSE) -> Arandela Cuadrada 3/16" x 2-1/4" x 2-1/4", Ø=11/16" | C4: C/U | D4: 3 | E4: 3
A5: B3 | B5: =VLOOKUP(A5,tmat,2,FALSE) -> Bastidor de Cuatro Líneas | C5: C/U | D5: 1 | E5: 1
A6: CC1 | B6: =VLOOKUP(A6,tmat,2,FALSE) -> Conector de Compresión YC 2A2 | C6: C/U | D6: 4 | E6: 4
A7: CC6 | B7: =VLOOKUP(A7,tmat,2,FALSE) -> Conector de Compresión YC 28A28 (3/0-3/0) | C7: C/U | D7: 4 | E7: 4
A8: PM3 | B8: =VLOOKUP(A8,tmat,2,FALSE) -> Perno de Máquina de 5/8" x 12" | C8: C/U | D8: 3 | E8: 3

Sheet B-III-7A
A1: COD. ENEE | B1: Materiales | C1: Unidad | D1: 34.5 | E1: 13.8
A2: AC | B2: =VLOOKUP(A2,tmat,2,FALSE) -> Aislador de Carrete ANSI C 53-2 | C2: C/U | D2: 8 | E2: 8
A3: AA1 | B3: =VLOOKUP(A3,tmat,2,FALSE) -> Alambre de Amarre N° 6 | C3: Pie | D3: 12 | E3: 12
A4: B3 | B4: =VLOOKUP(A4,tmat,2,FALSE) -> Bastidor de Cuatro Líneas | C4: C/U | D4: 2 | E4: 2
A5: CC1 | B5: =VLOOKUP(A5,tmat,2,FALSE) -> Conector de Compresión YC 2A2 | C5: C/U | D5: 4 | E5: 4
A6: CC6 | B6: =VLOOKUP(A6,tmat,2,FALSE) -> Conector de Compresión YC 28A28 (3/0-3/0) | C6: C/U | D6: 4 | E6: 4
A7: PM3 | B7: =VLOOKUP(A7,tmat,2,FALSE) -> Perno de Máquina de 5/8" x 12" | C7: C/U | D7: 3 | E7: 3

Sheet B-III-8
A1: COD. ENEE | B1: Materiales | C1: Unidad | D1: 34.5 | E1: 13.8
A2: AC | B2: =VLOOKUP(A2,tmat,2,FALSE) -> Aislador de Carrete ANSI C 53-2 | C2: C/U | D2: 8 | E2: 8
A3: AA1 | B3: =VLOOKUP(A3,tmat,2,FALSE) -> Alambre de Amarre N° 6 | C3: Pie | D3: 24 | E3: 24
A4: AR1 | B4: =VLOOKUP(A4,tmat,2,FALSE) -> Arandela Cuadrada 3/16" x 2-1/4" x 2-1/4", Ø=11/16" | C4: C/U | D4: 4 | E4: 4
A5: B3 | B5: =VLOOKUP(A5,tmat,2,FALSE) -> Bastidor de Cuatro Líneas | C5: C/U | D5: 2 | E5: 2
A6: CC1 | B6: =VLOOKUP(A6,tmat,2,FALSE) -> Conector de Compresión YC 2A2 | C6: C/U | D6: 4 | E6: 4
A7: CC6 | B7: =VLOOKUP(A7,tmat,2,FALSE) -> Conector de Compresión YC 28A28 (3/0-3/0) | C7: C/U | D7: 4 | E7: 4
A8: PM3 | B8: =VLOOKUP(A8,tmat,2,FALSE) -> Perno de Máquina de 5/8" x 12" | C8: C/U | D8: 4 | E8: 4

Sheet B-III-9
A1: COD. ENEE | B1: Materiales | C1: Unidad | D1: 34.5 | E1: 13.8
A2: AC | B2: =VLOOKUP(A2,tmat,2,FALSE) -> Aislador de Carrete ANSI C 53-2 | C2: C/U | D2: 12 | E2: 12
A3: AR1 | B3: =VLOOKUP(A3,tmat,2,FALSE) -> Arandela Cuadrada 3/16" x 2-1/4" x 2-1/4", Ø=11/16" | C3: C/U | D3: 3 | E3: 3
A4: B3 | B4: =VLOOKUP(A4,tmat,2,FALSE) -> Bastidor de Cuatro Líneas | C4: C/U | D4: 3 | E4: 3
A5: CC1 | B5: =VLOOKUP(A5,tmat,2,FALSE) -> Conector de Compresión YC 2A2 | C5: C/U | D5: 10 | E5: 10
A6: CC6 | B6: =VLOOKUP(A6,tmat,2,FALSE) -> Conector de Compresión YC 28A28 (3/0-3/0) | C6: C/U | D6: 10 | E6: 10
A7: PM3 | B7: =VLOOKUP(A7,tmat,2,FALSE) -> Perno de Máquina de 5/8" x 12" | C7: C/U | D7: 6 | E7: 6

Sheet G-I-1
A1: COD. ENEE | B1: Materiales | C1: Unidad | D1: 34.5 | E1: 13.8
A2: AR1 | B2: =VLOOKUP(A2,tmat,2,FALSE) -> Arandela Cuadrada 3/16" x 2-1/4" x 2-1/4", Ø=11/16" | C2: C/U | D2: 1 | E2: 1
A3: GS2 | B3: =VLOOKUP(A3,tmat,2,FALSE) -> Grapa de Suspensión para Guarda, Ø=1/4" | C3: C/U | D3: 1 | E3: 1
A4: PO2 | B4: =VLOOKUP(A4,tmat,2,FALSE) -> Perno Recto de Ojo con Eslabón de 5/8" x 12" | C4: C/U | D4: 1 | E4: 1

Sheet G-I-4
A1: COD. ENEE | B1: Materiales | C1: Unidad | D1: 34.5 | E1: 13.8
A2: AR1 | B2: =VLOOKUP(A2,tmat,2,FALSE) -> Arandela Cuadrada 3/16" x 2-1/4" x 2-1/4", Ø=11/16" | C2: C/U | D2: 2 | E2: 2
A3: GT3 | B3: =VLOOKUP(A3,tmat,2,FALSE) -> Grapa Terminal tipo Recto Cable de Guarda, Ø=1/4" | C3: C/U | D3: 1 | E3: 1
A4: PO1 | B4: =VLOOKUP(A4,tmat,2,FALSE) -> Perno Recto de Ojo de 5/8" x 12" | C4: C/U | D4: 1 | E4: 1

Sheet G-I-5
A1: COD. ENEE | B1: Materiales | C1: Unidad | D1: 34.5 | E1: 13.8
A2: AR1 | B2: =VLOOKUP(A2,tmat,2,FALSE) -> Arandela Cuadrada 3/16" x 2-1/4" x 2-1/4", Ø=11/16" | C2: C/U | D2: 2 | E2: 2
A3: CCA | B3: =VLOOKUP(A3,tmat,2,FALSE) -> Conector para Cable Acerado | C3: C/U | D3: 1 | E3: 1
A4: GT3 | B4: =VLOOKUP(A4,tmat,2,FALSE) -> Grapa Terminal tipo Recto Cable de Guarda, Ø=1/4" | C4: C/U | D4: 2 | E4: 2
A5: PO1 | B5: =VLOOKUP(A5,tmat,2,FALSE) -> Perno Recto de Ojo de 5/8" x 12" | C5: C/U | D5: 1 | E5: 1
A6: TO1 | B6: =VLOOKUP(A6,tmat,2,FALSE) -> Tuerca de Ojo de 5/8" | C6: C/U | D6: 1 | E6: 1

Sheet G-I-6
A1: COD. ENEE | B1: Materiales | C1: Unidad | D1: 34.5 | E1: 13.8
A2: AR1 | B2: =VLOOKUP(A2,tmat,2,FALSE) -> Arandela Cuadrada 3/16" x 2-1/4" x 2-1/4", Ø=11/16" | C2: C/U | D2: 4 | E2: 4
A3: CCA | B3: =VLOOKUP(A3,tmat,2,FALSE) -> Conector para Cable Acerado | C3: C/U | D3: 1 | E3: 1
A4: GT3 | B4: =VLOOKUP(A4,tmat,2,FALSE) -> Grapa Terminal tipo Recto Cable de Guarda, Ø=1/4" | C4: C/U | D4: 2 | E4: 2
A5: PO1 | B5: =VLOOKUP(A5,tmat,2,FALSE) -> Perno Recto de Ojo de 5/8" x 12" | C5: C/U | D5: 2 | E5: 2

Sheet G-I-7
A1: COD. ENEE | B1: Materiales | C1: Unidad | D1: 34.5 | E1: 13.8
A2: AR1 | B2: =VLOOKUP(A2,tmat,2,FALSE) -> Arandela Cuadrada 3/16" x 2-1/4" x 2-1/4", Ø=11/16" | C2: C/U | D2: 3 | E2: 3
A3: CCA | B3: =VLOOKUP(A3,tmat,2,FALSE) -> Conector para Cable Acerado | C3: C/U | D3: 1 | E3: 1
A4: GS2 | B4: =VLOOKUP(A4,tmat,2,FALSE) -> Grapa de Suspensión para Guarda, Ø=1/4" | C4: C/U | D4: 1 | E4: 1
A5: GT3 | B5: =VLOOKUP(A5,tmat,2,FALSE) -> Grapa Terminal tipo Recto Cable de Guarda, Ø=1/4" | C5: C/U | D5: 1 | E5: 1
A6: PO1 | B6: =VLOOKUP(A6,tmat,2,FALSE) -> Perno Recto de Ojo de 5/8" x 12" | C6: C/U | D6: 1 | E6: 1
A7: PO2 | B7: =VLOOKUP(A7,tmat,2,FALSE) -> Perno Recto de Ojo con Eslabón de 5/8" x 12" | C7: C/U | D7: 1 | E7: 1

Sheet GB-I-1
A1: COD. ENEE | B1: Materiales | C1: Unidad | D1: 34.5 | E1: 13.8
A2: AR1 | B2: =VLOOKUP(A2,tmat,2,FALSE) -> Arandela Cuadrada 3/16" x 2-1/4" x 2-1/4", Ø=11/16" | C2: C/U | D2: 1 | E2: 1
A3: BY02 | B3: =VLOOKUP(A3,tmat,2,FALSE) -> Bayoneta Recta para Soporte de Hilo de Guarda, 48" | C3: C/U | D3: 1 | E3: 1
A4: GS2 | B4: =VLOOKUP(A4,tmat,2,FALSE) -> Grapa de Suspensión para Guarda, Ø=1/4" | C4: C/U | D4: 1 | E4: 1
A5: PO2 | B5: =VLOOKUP(A5,tmat,2,FALSE) -> Perno Recto de Ojo con Eslabón de 5/8" x 12" | C5: C/U | D5: 1 | E5: 1

Sheet GB-I-1A
A1: COD. ENEE | B1: Materiales | C1: Unidad | D1: 34.5 | E1: 13.8
A2: AR1 | B2: =VLOOKUP(A2,tmat,2,FALSE) -> Arandela Cuadrada 3/16" x 2-1/4" x 2-1/4", Ø=11/16" | C2: C/U | D2: 2 | E2: 2
A3: BY04 | B3: =VLOOKUP(A3,tmat,2,FALSE) -> Bayoneta Angular para Soporte de Hilo de Guarda, 48" | C3: C/U | D3: 1 | E3: 1
A4: GS2 | B4: =VLOOKUP(A4,tmat,2,FALSE) -> Grapa de Suspensión para Guarda, Ø=1/4" | C4: C/U | D4: 1 | E4: 1
A5: PO2 | B5: =VLOOKUP(A5,tmat,2,FALSE) -> Perno Recto de Ojo con Eslabón de 5/8" x 12" | C5: C/U | D5: 1 | E5: 1

Sheet GB-I-4
A1: COD. ENEE | B1: Materiales | C1: Unidad | D1: 34.5 | E1: 13.8
A2: AR1 | B2: =VLOOKUP(A2,tmat,2,FALSE) -> Arandela Cuadrada 3/16" x 2-1/4" x 2-1/4", Ø=11/16" | C2: C/U | D2: 2 | E2: 2
A3: BY02 | B3: =VLOOKUP(A3,tmat,2,FALSE) -> Bayoneta Recta para Soporte de Hilo de Guarda, 48" | C3: C/U | D3: 1 | E3: 1
A4: GT3 | B4: =VLOOKUP(A4,tmat,2,FALSE) -> Grapa Terminal tipo Recto Cable de Guarda, Ø=1/4" | C4: C/U | D4: 1 | E4: 1
A5: PO1 | B5: =VLOOKUP(A5,tmat,2,FALSE) -> Perno Recto de Ojo de 5/8" x 12" | C5: C/U | D5: 1 | E5: 1

Sheet GB-I-5
A1: COD. ENEE | B1: Materiales | C1: Unidad | D1: 34.5 | E1: 13.8
A2: AR1 | B2: =VLOOKUP(A2,tmat,2,FALSE) -> Arandela Cuadrada 3/16" x 2-1/4" x 2-1/4", Ø=11/16" | C2: C/U | D2: 2 | E2: 2
A3: BY02 | B3: =VLOOKUP(A3,tmat,2,FALSE) -> Bayoneta Recta para Soporte de Hilo de Guarda, 48" | C3: C/U | D3: 1 | E3: 1
A4: CCA | B4: =VLOOKUP(A4,tmat,2,FALSE) -> Conector para Cable Acerado | C4: C/U | D4: 1 | E4: 1
A5: GT3 | B5: =VLOOKUP(A5,tmat,2,FALSE) -> Grapa Terminal tipo Recto Cable de Guarda, Ø=1/4" | C5: C/U | D5: 2 | E5: 2
A6: PO1 | B6: =VLOOKUP(A6,tmat,2,FALSE) -> Perno Recto de Ojo de 5/8" x 12" | C6: C/U | D6: 1 | E6: 1
A7: TO1 | B7: =VLOOKUP(A7,tmat,2,FALSE) -> Tuerca de Ojo de 5/8" | C7: C/U | D7: 1 | E7: 1

Sheet TS-15KVA
A1: COD. ENEE | B1: Materiales | C1: Unidad | D1: 34.5 | E1: 13.8
A2: AR1 | B2: =VLOOKUP(A2,tmat,2,FALSE) -> Arandela Cuadrada 3/16" x 2-1/4" x 2-1/4", Ø=11/16" | C2: C/U | D2: 6 | E2: 6
A3: CAC5 | B3: =VLOOKUP(A3,tmat,2,FALSE) -> Cable de Cobre # 6 Sólido | C3: Pie | D3: 25 | E3: 25
A4: CAF2 | B4: =VLOOKUP(A4,tmat,2,FALSE) -> Cable de Aluminio Forrado WP # 3/0 AWG Fig | C4: Pie | D4: 21 | E4: 21
A5: CBC | B5: =VLOOKUP(A5,tmat,2,FALSE) -> Cable Bimetálico Copperweld # 6 AWG, 40% | C5: Pie | D5: 20 | E5: 20
A6: CC4 | B6: =VLOOKUP(A6,tmat,2,FALSE) -> Conector de Compresión YC 28A2 (3/0-2) | C6: C/U | D6: 1 | E6: 1
A7: CC6 | B7: =VLOOKUP(A7,tmat,2,FALSE) -> Conector de Compresión YC 28A28 (3/0-3/0) | C7: C/U | D7: 2 | E7: 2
A8: CCB5 | B8: =VLOOKUP(A8,tmat,2,FALSE) -> Conector de Compresión Bimetálico 3/0 - 6 | C8: C/U | D8: 1 | E8: 1
A9: CCC | B9: =VLOOKUP(A9,tmat,2,FALSE) -> Conector de Compresión de Cobre tipo YG C6C6 | C9: C/U | D9: 2 | E9: 2
A10: CP1 | B10: =VLOOKUP(A10,tmat,2,FALSE) -> Conector Terminal de Pin Cable 3/0 | C10: C/U | D10: 3 | E10: 3
A11: CR1 | B11: =VLOOKUP(A11,tmat,2,FALSE) -> Crucete de Madera Curada de 4" x 5" x 48" | C11: C/U | D11: 1 | E11: 1
A12: CN1 | B12: =VLOOKUP(A12,tmat,2,FALSE) -> Cuchilla Portafusible de Porcelana 100 AMP. Normal, 13.8 KV | C12: C/U | D12: 0 | E12: 1
A13: CN2 | B13: =VLOOKUP(A13,tmat,2,FALSE) -> Cuchilla Portafusible de Porcelana 100 AMP. Normal, 34.5 KV. | C13: C/U | D13: 1 | E13: 0
... A29: VPT | B29: =VLOOKUP(A29,tmat,2,FALSE) -> Varilla Galvanizada para Polo a Tierra 5/8" x 8' | C29: C/U | D29: 1 | E29: 1

Sheet TS-25KVA
A1: COD. ENEE | B1: Materiales | C1: Unidad | D1: 34.5 | E1: 13.8
A2: AR1 | B2: =VLOOKUP(A2,tmat,2,FALSE) -> Arandela Cuadrada 3/16" x 2-1/4" x 2-1/4", Ø=11/16" | C2: C/U | D2: 6 | E2: 6
A3: CAC5 | B3: =VLOOKUP(A3,tmat,2,FALSE) -> Cable de Cobre # 6 Sólido | C3: Pie | D3: 25 | E3: 25
A4: CAF2 | B4: =VLOOKUP(A4,tmat,2,FALSE) -> Cable de Aluminio Forrado WP # 3/0 AWG Fig | C4: Pie | D4: 21 | E4: 21
A5: CBC | B5: =VLOOKUP(A5,tmat,2,FALSE) -> Cable Bimetálico Copperweld # 6 AWG, 40% | C5: Pie | D5: 20 | E5: 20
A6: CC4 | B6: =VLOOKUP(A6,tmat,2,FALSE) -> Conector de Compresión YC 28A2 (3/0-2) | C6: C/U | D6: 1 | E6: 1
A7: CC6 | B7: =VLOOKUP(A7,tmat,2,FALSE) -> Conector de Compresión YC 28A28 (3/0-3/0) | C7: C/U | D7: 2 | E7: 2
A8: CCB5 | B8: =VLOOKUP(A8,tmat,2,FALSE) -> Conector de Compresión Bimetálico 3/0 - 6 | C8: C/U | D8: 1 | E8: 1
A9: CCC | B9: =VLOOKUP(A9,tmat,2,FALSE) -> Conector de Compresión de Cobre tipo YG C6C6 | C9: C/U | D9: 2 | E9: 2
A10: CP1 | B10: =VLOOKUP(A10,tmat,2,FALSE) -> Conector Terminal de Pin Cable 3/0 | C10: C/U | D10: 3 | E10: 3
A11: CR1 | B11: =VLOOKUP(A11,tmat,2,FALSE) -> Crucete de Madera Curada de 4" x 5" x 48" | C11: C/U | D11: 1 | E11: 1
A12: CN1 | B12: =VLOOKUP(A12,tmat,2,FALSE) -> Cuchilla Portafusible de Porcelana 100 AMP. Normal, 13.8 KV | C12: C/U | D12: 0 | E12: 1
A13: CN2 | B13: =VLOOKUP(A13,tmat,2,FALSE) -> Cuchilla Portafusible de Porcelana 100 AMP. Normal, 34.5 KV. | C13: C/U | D13: 1 | E13: 0
... A29: VPT | B29: =VLOOKUP(A29,tmat,2,FALSE) -> Varilla Galvanizada para Polo a Tierra 5/8" x 8' | C29: C/U | D29: 1 | E29: 1

Sheet TS-37.5KVA
A1: COD. ENEE | B1: Materiales | C1: Unidad | D1: 34.5 | E1: 13.8
A2: AR1 | B2: =VLOOKUP(A2,tmat,2,FALSE) -> Arandela Cuadrada 3/16" x 2-1/4" x 2-1/4", Ø=11/16" | C2: C/U | D2: 6 | E2: 6
A3: CAC5 | B3: =VLOOKUP(A3,tmat,2,FALSE) -> Cable de Cobre # 6 Sólido | C3: Pie | D3: 25 | E3: 25
A4: CAF2 | B4: =VLOOKUP(A4,tmat,2,FALSE) -> Cable de Aluminio Forrado WP # 3/0 AWG Fig | C4: Pie | D4: 21 | E4: 21
A5: CBC | B5: =VLOOKUP(A5,tmat,2,FALSE) -> Cable Bimetálico Copperweld # 6 AWG, 40% | C5: Pie | D5: 20 | E5: 20
A6: CC4 | B6: =VLOOKUP(A6,tmat,2,FALSE) -> Conector de Compresión YC 28A2 (3/0-2) | C6: C/U | D6: 1 | E6: 1
A7: CC6 | B7: =VLOOKUP(A7,tmat,2,FALSE) -> Conector de Compresión YC 28A28 (3/0-3/0) | C7: C/U | D7: 2 | E7: 2
A8: CCB5 | B8: =VLOOKUP(A8,tmat,2,FALSE) -> Conector de Compresión Bimetálico 3/0 - 6 | C8: C/U | D8: 1 | E8: 1
A9: CCC | B9: =VLOOKUP(A9,tmat,2,FALSE) -> Conector de Compresión de Cobre tipo YG C6C6 | C9: C/U | D9: 2 | E9: 2
A10: CP1 | B10: =VLOOKUP(A10,tmat,2,FALSE) -> Conector Terminal de Pin Cable 3/0 | C10: C/U | D10: 3 | E10: 3
A11: CR1 | B11: =VLOOKUP(A11,tmat,2,FALSE) -> Crucete de Madera Curada de 4" x 5" x 48" | C11: C/U | D11: 1 | E11: 1
A12: CN1 | B12: =VLOOKUP(A12,tmat,2,FALSE) -> Cuchilla Portafusible de Porcelana 100 AMP. Normal, 13.8 KV | C12: C/U | D12: 0 | E12: 1
A13: CN2 | B13: =VLOOKUP(A13,tmat,2,FALSE) -> Cuchilla Portafusible de Porcelana 100 AMP. Normal, 34.5 KV. | C13: C/U | D13: 1 | E13: 0
... A29: VPT | B29: =VLOOKUP(A29,tmat,2,FALSE) -> Varilla Galvanizada para Polo a Tierra 5/8" x 8' | C29: C/U | D29: 1 | E29: 1

Sheet TS-50KVA
A1: COD. ENEE | B1: Materiales | C1: Unidad | D1: 34.5 | E1: 13.8
A2: AR1 | B2: =VLOOKUP(A2,tmat,2,FALSE) -> Arandela Cuadrada 3/16" x 2-1/4" x 2-1/4", Ø=11/16" | C2: C/U | D2: 6 | E2: 6
A3: CAC5 | B3: =VLOOKUP(A3,tmat,2,FALSE) -> Cable de Cobre # 6 Sólido | C3: Pie | D3: 25 | E3: 25
A4: CAF3 | B4: =VLOOKUP(A4,tmat,2,FALSE) -> Cable de Aluminio Forrado 266.8 MCM Mulberry | C4: Pie | D4: 14 | E4: 14
A5: CAF2 | B5: =VLOOKUP(A5,tmat,2,FALSE) -> Cable de Aluminio Forrado WP # 3/0 AWG Fig | C5: Pie | D5: 7 | E5: 7
A6: CBC | B6: =VLOOKUP(A6,tmat,2,FALSE) -> Cable Bimetálico Copperweld # 6 AWG, 40% | C6: Pie | D6: 20 | E6: 20
A7: CC5 | B7: =VLOOKUP(A7,tmat,2,FALSE) -> Conector de Compresión YC 28A25 (3/0-1/0) | C7: C/U | D7: 1 | E7: 1
A8: CC6 | B8: =VLOOKUP(A8,tmat,2,FALSE) -> Conector de Compresión YC 28A28 (3/0-3/0) | C8: C/U | D8: 2 | E8: 2
A9: CCB5 | B9: =VLOOKUP(A9,tmat,2,FALSE) -> Conector de Compresión Bimetálico 3/0 - 6 | C9: C/U | D9: 1 | E9: 1
A10: CCC | B10: =VLOOKUP(A10,tmat,2,FALSE) -> Conector de Compresión de Cobre tipo YG C6C6 | C10: C/U | D10: 3 | E10: 3
A11: CP1 | B11: =VLOOKUP(A11,tmat,2,FALSE) -> Conector Terminal de Pin Cable 3/0 | C11: C/U | D11: 1 | E11: 1
A12: CP2 | B12: =VLOOKUP(A12,tmat,2,FALSE) -> Conector Terminal de Pin Cable 266.8 | C12: C/U | D12: 2 | E12: 2
A13: CR1 | B13: =VLOOKUP(A13,tmat,2,FALSE) -> Crucete de Madera Curada de 4" x 5" x 48" | C13: C/U | D13: 1 | E13: 1
... A32: VPT | B32: =VLOOKUP(A32,tmat,2,FALSE) -> Varilla Galvanizada para Polo a Tierra 5/8" x 8' | C32: C/U | D32: 1 | E32: 1

Sheet TS-75KVA
A1: COD. ENEE | B1: Materiales | C1: Unidad | D1: 34.5 | E1: 13.8
A2: AR1 | B2: =VLOOKUP(A2,tmat,2,FALSE) -> Arandela Cuadrada 3/16" x 2-1/4" x 2-1/4", Ø=11/16" | C2: C/U | D2: 6 | E2: 6
A3: CAC5 | B3: =VLOOKUP(A3,tmat,2,FALSE) -> Cable de Cobre # 6 Sólido | C3: Pie | D3: 25 | E3: 25
A4: CAF3 | B4: =VLOOKUP(A4,tmat,2,FALSE) -> Cable de Aluminio Forrado 266.8 MCM Mulberry | C4: Pie | D4: 14 | E4: 14
A5: CAF2 | B5: =VLOOKUP(A5,tmat,2,FALSE) -> Cable de Aluminio Forrado WP # 3/0 AWG Fig | C5: Pie | D5: 7 | E5: 7
A6: CBC | B6: =VLOOKUP(A6,tmat,2,FALSE) -> Cable Bimetálico Copperweld # 6 AWG, 40% | C6: Pie | D6: 20 | E6: 20
A7: CC5 | B7: =VLOOKUP(A7,tmat,2,FALSE) -> Conector de Compresión YC 28A25 (3/0-1/0) | C7: C/U | D7: 1 | E7: 1
A8: CC6 | B8: =VLOOKUP(A8,tmat,2,FALSE) -> Conector de Compresión YC 28A28 (3/0-3/0) | C8: C/U | D8: 2 | E8: 2
A9: CCB5 | B9: =VLOOKUP(A9,tmat,2,FALSE) -> Conector de Compresión Bimetálico 3/0 - 6 | C9: C/U | D9: 1 | E9: 1
A10: CCC | B10: =VLOOKUP(A10,tmat,2,FALSE) -> Conector de Compresión de Cobre tipo YG C6C6 | C10: C/U | D10: 3 | E10: 3
A11: CP1 | B11: =VLOOKUP(A11,tmat,2,FALSE) -> Conector Terminal de Pin Cable 3/0 | C11: C/U | D11: 1 | E11: 1
A12: CP2 | B12: =VLOOKUP(A12,tmat,2,FALSE) -> Conector Terminal de Pin Cable 266.8 | C12: C/U | D12: 2 | E12: 2
A13: CR1 | B13: =VLOOKUP(A13,tmat,2,FALSE) -> Crucete de Madera Curada de 4" x 5" x 48" | C13: C/U | D13: 1 | E13: 1
... A32: VPT | B32: =VLOOKUP(A32,tmat,2,FALSE) -> Varilla Galvanizada para Polo a Tierra 5/8" x 8' | C32: C/U | D32: 1 | E32: 1

Sheet TS-100KVA
A1: COD. ENEE | B1: Materiales | C1: Unidad | D1: 34.5 | E1: 13.8
A2: AR1 | B2: =VLOOKUP(A2,tmat,2,FALSE) -> Arandela Cuadrada 3/16" x 2-1/4" x 2-1/4", Ø=11/16" | C2: C/U | D2: 6 | E2: 6
A3: CAC5 | B3: =VLOOKUP(A3,tmat,2,FALSE) -> Cable de Cobre # 6 Sólido | C3: Pie | D3: 25 | E3: 25
A4: CAF3 | B4: =VLOOKUP(A4,tmat,2,FALSE) -> Cable de Aluminio Forrado 266.8 MCM Mulberry | C4: Pie | D4: 14 | E4: 14
A5: CAF2 | B5: =VLOOKUP(A5,tmat,2,FALSE) -> Cable de Aluminio Forrado WP # 3/0 AWG Fig | C5: Pie | D5: 7 | E5: 7
A6: CBC | B6: =VLOOKUP(A6,tmat,2,FALSE) -> Cable Bimetálico Copperweld # 6 AWG, 40% | C6: Pie | D6: 20 | E6: 20
A7: CC5 | B7: =VLOOKUP(A7,tmat,2,FALSE) -> Conector de Compresión YC 28A25 (3/0-1/0) | C7: C/U | D7: 1 | E7: 1
A8: CC6 | B8: =VLOOKUP(A8,tmat,2,FALSE) -> Conector de Compresión YC 28A28 (3/0-3/0) | C8: C/U | D8: 2 | E8: 2
A9: CCB5 | B9: =VLOOKUP(A9,tmat,2,FALSE) -> Conector de Compresión Bimetálico 3/0 - 6 | C9: C/U | D9: 1 | E9: 1
A10: CCC | B10: =VLOOKUP(A10,tmat,2,FALSE) -> Conector de Compresión de Cobre tipo YG C6C6 | C10: C/U | D10: 3 | E10: 3
A11: CP1 | B11: =VLOOKUP(A11,tmat,2,FALSE) -> Conector Terminal de Pin Cable 3/0 | C11: C/U | D11: 1 | E11: 1
A12: CP2 | B12: =VLOOKUP(A12,tmat,2,FALSE) -> Conector Terminal de Pin Cable 266.8 | C12: C/U | D12: 2 | E12: 2
A13: CR1 | B13: =VLOOKUP(A13,tmat,2,FALSE) -> Crucete de Madera Curada de 4" x 5" x 48" | C13: C/U | D13: 1 | E13: 1
... A32: VPT | B32: =VLOOKUP(A32,tmat,2,FALSE) -> Varilla Galvanizada para Polo a Tierra 5/8" x 8' | C32: C/U | D32: 1 | E32: 1

Sheet TD-15KVA
A1: COD. ENEE | B1: Materiales | C1: Unidad | D1: 34.5 | E1: 13.8
A2: AR1 | B2: =VLOOKUP(A2,tmat,2,FALSE) -> Arandela Cuadrada 3/16" x 2-1/4" x 2-1/4", Ø=11/16" | C2: C/U | D2: 6 | E2: 6
A3: CAC5 | B3: =VLOOKUP(A3,tmat,2,FALSE) -> Cable de Cobre # 6 Sólido | C3: Pie | D3: 40 | E3: 40
A4: CAF2 | B4: =VLOOKUP(A4,tmat,2,FALSE) -> Cable de Aluminio Forrado WP # 3/0 AWG Fig | C4: Pie | D4: 30 | E4: 30
A5: CBC | B5: =VLOOKUP(A5,tmat,2,FALSE) -> Cable Bimetálico Copperweld # 6 AWG, 40% | C5: Pie | D5: 20 | E5: 20
A6: CC4 | B6: =VLOOKUP(A6,tmat,2,FALSE) -> Conector de Compresión YC 28A2 (3/0-2) | C6: C/U | D6: 1 | E6: 1
A7: CC6 | B7: =VLOOKUP(A7,tmat,2,FALSE) -> Conector de Compresión YC 28A28 (3/0-3/0) | C7: C/U | D7: 2 | E7: 2
A8: CCC | B8: =VLOOKUP(A8,tmat,2,FALSE) -> Conector de Compresión de Cobre tipo YG C6C6 | C8: C/U | D8: 4 | E8: 4
A9: CCB5 | B9: =VLOOKUP(A9,tmat,2,FALSE) -> Conector de Compresión Bimetálico 3/0 - 6 | C9: C/U | D9: 1 | E9: 1
A10: CN1 | B10: =VLOOKUP(A10,tmat,2,FALSE) -> Cuchilla Portafusible de Porcelana 100 AMP. Normal, 13.8 KV | C10: C/U | D10: 0 | E10: 2
A11: CN2 | B11: =VLOOKUP(A11,tmat,2,FALSE) -> Cuchilla Portafusible de Porcelana 100 AMP. Normal, 34.5 KV. | C11: C/U | D11: 2 | E11: 0
A12: CR2 | B12: =VLOOKUP(A12,tmat,2,FALSE) -> Crucete de Madera Curada de 4" x 5" x 96" | C12: C/U | D12: 1 | E12: 1
A13: CP1 | B13: =VLOOKUP(A13,tmat,2,FALSE) -> Conector Terminal de Pin Cable 3/0 | C13: C/U | D13: 5 | E13: 5
... A29: VPT | B29: =VLOOKUP(A29,tmat,2,FALSE) -> Varilla Galvanizada para Polo a Tierra 5/8" x 8' | C29: C/U | D29: 1 | E29: 1

Sheet TD-25KVA
A1: COD. ENEE | B1: Materiales | C1: Unidad | D1: 34.5 | E1: 13.8
A2: AR1 | B2: =VLOOKUP(A2,tmat,2,FALSE) -> Arandela Cuadrada 3/16" x 2-1/4" x 2-1/4", Ø=11/16" | C2: C/U | D2: 6 | E2: 6
A3: CAC5 | B3: =VLOOKUP(A3,tmat,2,FALSE) -> Cable de Cobre # 6 Sólido | C3: Pie | D3: 40 | E3: 40
A4: CAF2 | B4: =VLOOKUP(A4,tmat,2,FALSE) -> Cable de Aluminio Forrado WP # 3/0 AWG Fig | C4: Pie | D4: 30 | E4: 30
A5: CBC | B5: =VLOOKUP(A5,tmat,2,FALSE) -> Cable Bimetálico Copperweld # 6 AWG, 40% | C5: Pie | D5: 20 | E5: 20
A6: CC4 | B6: =VLOOKUP(A6,tmat,2,FALSE) -> Conector de Compresión YC 28A2 (3/0-2) | C6: C/U | D6: 1 | E6: 1
A7: CC6 | B7: =VLOOKUP(A7,tmat,2,FALSE) -> Conector de Compresión YC 28A28 (3/0-3/0) | C7: C/U | D7: 2 | E7: 2
A8: CCC | B8: =VLOOKUP(A8,tmat,2,FALSE) -> Conector de Compresión de Cobre tipo YG C6C6 | C8: C/U | D8: 4 | E8: 4
A9: CCB5 | B9: =VLOOKUP(A9,tmat,2,FALSE) -> Conector de Compresión Bimetálico 3/0 - 6 | C9: C/U | D9: 1 | E9: 1
A10: CN1 | B10: =VLOOKUP(A10,tmat,2,FALSE) -> Cuchilla Portafusible de Porcelana 100 AMP. Normal, 13.8 KV | C10: C/U | D10: 0 | E10: 2
A11: CN2 | B11: =VLOOKUP(A11,tmat,2,FALSE) -> Cuchilla Portafusible de Porcelana 100 AMP. Normal, 34.5 KV. | C11: C/U | D11: 2 | E11: 0
A12: CR2 | B12: =VLOOKUP(A12,tmat,2,FALSE) -> Crucete de Madera Curada de 4" x 5" x 96" | C12: C/U | D12: 1 | E12: 1
A13: CP1 | B13: =VLOOKUP(A13,tmat,2,FALSE) -> Conector Terminal de Pin Cable 3/0 | C13: C/U | D13: 5 | E13: 5
... A29: VPT | B29: =VLOOKUP(A29,tmat,2,FALSE) -> Varilla Galvanizada para Polo a Tierra 5/8" x 8' | C29: C/U | D29: 1 | E29: 1

Sheet TD-37.5KVA
A1: COD. ENEE | B1: Materiales | C1: Unidad | D1: 34.5 | E1: 13.8
A2: AR1 | B2: =VLOOKUP(A2,tmat,2,FALSE) -> Arandela Cuadrada 3/16" x 2-1/4" x 2-1/4", Ø=11/16" | C2: C/U | D2: 6 | E2: 6
A3: CAC5 | B3: =VLOOKUP(A3,tmat,2,FALSE) -> Cable de Cobre # 6 Sólido | C3: Pie | D3: 40 | E3: 40
A4: CAF2 | B4: =VLOOKUP(A4,tmat,2,FALSE) -> Cable de Aluminio Forrado WP # 3/0 AWG Fig | C4: Pie | D4: 30 | E4: 30
A5: CBC | B5: =VLOOKUP(A5,tmat,2,FALSE) -> Cable Bimetálico Copperweld # 6 AWG, 40% | C5: Pie | D5: 20 | E5: 20
A6: CC4 | B6: =VLOOKUP(A6,tmat,2,FALSE) -> Conector de Compresión YC 28A2 (3/0-2) | C6: C/U | D6: 1 | E6: 1
A7: CC6 | B7: =VLOOKUP(A7,tmat,2,FALSE) -> Conector de Compresión YC 28A28 (3/0-3/0) | C7: C/U | D7: 2 | E7: 2
A8: CCC | B8: =VLOOKUP(A8,tmat,2,FALSE) -> Conector de Compresión de Cobre tipo YG C6C6 | C8: C/U | D8: 4 | E8: 4
A9: CCB5 | B9: =VLOOKUP(A9,tmat,2,FALSE) -> Conector de Compresión Bimetálico 3/0 - 6 | C9: C/U | D9: 1 | E9: 1
A10: CN1 | B10: =VLOOKUP(A10,tmat,2,FALSE) -> Cuchilla Portafusible de Porcelana 100 AMP. Normal, 13.8 KV | C10: C/U | D10: 0 | E10: 2
A11: CN2 | B11: =VLOOKUP(A11,tmat,2,FALSE) -> Cuchilla Portafusible de Porcelana 100 AMP. Normal, 34.5 KV. | C11: C/U | D11: 2 | E11: 0
A12: CR2 | B12: =VLOOKUP(A12,tmat,2,FALSE) -> Crucete de Madera Curada de 4" x 5" x 96" | C12: C/U | D12: 1 | E12: 1
A13: CP1 | B13: =VLOOKUP(A13,tmat,2,FALSE) -> Conector Terminal de Pin Cable 3/0 | C13: C/U | D13: 5 | E13: 5
... A29: VPT | B29: =VLOOKUP(A29,tmat,2,FALSE) -> Varilla Galvanizada para Polo a Tierra 5/8" x 8' | C29: C/U | D29: 1 | E29: 1

Sheet TD-50KVA
A1: COD. ENEE | B1: Materiales | C1: Unidad | D1: 34.5 | E1: 13.8
A2: AR1 | B2: =VLOOKUP(A2,tmat,2,FALSE) -> Arandela Cuadrada 3/16" x 2-1/4" x 2-1/4", Ø=11/16" | C2: C/U | D2: 6 | E2: 6
A3: CAC5 | B3: =VLOOKUP(A3,tmat,2,FALSE) -> Cable de Cobre # 6 Sólido | C3: Pie | D3: 40 | E3: 40
A4: CAF2 | B4: =VLOOKUP(A4,tmat,2,FALSE) -> Cable de Aluminio Forrado WP # 3/0 AWG Fig | C4: Pie | D4: 7 | E4: 7
A5: CAF3 | B5: =VLOOKUP(A5,tmat,2,FALSE) -> Cable de Aluminio Forrado 266.8 MCM Mulberry | C5: Pie | D5: 23 | E5: 23
A6: CBC | B6: =VLOOKUP(A6,tmat,2,FALSE) -> Cable Bimetálico Copperweld # 6 AWG, 40% | C6: Pie | D6: 25 | E6: 25
A7: CC4 | B7: =VLOOKUP(A7,tmat,2,FALSE) -> Conector de Compresión YC 28A2 (3/0-2) | C7: C/U | D7: 1 | E7: 1
A8: CC6 | B8: =VLOOKUP(A8,tmat,2,FALSE) -> Conector de Compresión YC 28A28 (3/0-3/0) | C8: C/U | D8: 2 | E8: 2
A9: CCC | B9: =VLOOKUP(A9,tmat,2,FALSE) -> Conector de Compresión de Cobre tipo YG C6C6 | C9: C/U | D9: 4 | E9: 4
A10: CCB5 | B10: =VLOOKUP(A10,tmat,2,FALSE) -> Conector de Compresión Bimetálico 3/0 - 6 | C10: C/U | D10: 1 | E10: 1
A11: CN1 | B11: =VLOOKUP(A11,tmat,2,FALSE) -> Cuchilla Portafusible de Porcelana 100 AMP. Normal, 13.8 KV | C11: C/U | D11: 0 | E11: 2
